ID,Thông điệp,Ý nghĩa,Cơ chế game
1,Mọi hành động của con chỉ đến từ hai nguồn: Tình yêu hoặc Sợ hãi.,Mỗi lựa chọn trong đời đều là chọn mở lòng ra hay co rút lại.,"Hệ thống năng lượng: Lựa chọn hành động Tình yêu tăng hào quang, Sợ hãi tăng giáp phòng thủ."
2,"Tình yêu mở rộng và sẻ chia, còn sợ hãi co rút và giấu giếm.","Khi yêu thương con thấy tự do, khi sợ hãi con thấy ngột ngạt.","Phép thuật năng lượng: Kỹ năng Tình yêu mở rộng tầm nhìn bản đồ, kỹ năng Sợ hãi thu hẹp góc nhìn."
3,"Khi bối rối, hãy tự hỏi: Tình yêu sẽ làm gì lúc này?",Câu hỏi đơn giản này sẽ lập tức chỉ cho con hướng đi đúng nhất.,Tính năng gợi ý thoại: Bấm nút 'Lắng nghe' để hiện lựa chọn Tình yêu trong các cuộc hội thoại khó.
4,Sợ hãi chỉ thu hút đúng những gì con đang lo sợ.,"Càng lo lắng về điều xấu, con càng vô tình kéo nó về phía mình.",Cơ chế tâm lý: Nhân vật lo sợ sẽ bị tăng tỉ lệ gặp quái vật; khi bình tĩnh quái vật sẽ tự rút lui.
5,Sự tức giận thực ra chỉ là nỗi sợ hãi đang đeo mặt nạ.,"Khi ai đó nổi giận, họ đang hoảng sợ và cần được thấu hiểu.",Cơ chế thuần hóa: Dùng lời nói ôn hòa với kẻ địch đang giận dữ sẽ làm giảm 50% sức tấn công của họ.
6,Con không cần phải làm gì để trở nên xứng đáng được yêu thương.,"Tình yêu thương là bản chất tự nhiên, không phải phần thưởng phải tranh đoạt.",Cơ chế Ân sủng: Nhân vật tự động hồi phục sức khỏe khi dừng lại và nghỉ ngơi mà không tốn bình máu.
7,"Đừng sợ thất bại, chẳng có sai lầm nào là vĩnh viễn cả.",Mọi trải nghiệm chỉ là bài thử nghiệm để con biết mình thích gì hơn.,Hệ thống điểm kinh nghiệm: Mọi lần thua cuộc đều cộng điểm 'Kinh nghiệm rút ra' để nâng cấp kỹ năng.
8,Thượng đế không bao giờ trừng phạt con vì những lỡ vội.,Sự trừng phạt duy nhất là cảm giác dằn vặt do chính con tự tạo ra.,"Hệ thống Karma: Xóa bỏ điểm tội lỗi, thay bằng thanh 'Tự do nhận thức'."
9,Tình yêu thực sự luôn trao đi sự tự do tuyệt đối.,"Yêu ai đó là để họ làm chính họ, chứ không phải ép họ theo ý mình.",Nhiệm vụ đồng hành: Cho phép đồng minh tự do di chuyển sẽ tăng 30% hiệu quả chiến đấu của họ.
10,Hãy tha thứ cho chính mình trước khi muốn tha thứ cho người khác.,Con không thể cho đi thứ mà bên trong con đang thiếu hụt.,Cơ chế Giải độc tâm trí: Tự tha thứ giúp xóa bỏ toàn bộ hiệu ứng trúng độc và suy nhược.
11,Nỗi sợ lớn nhất là sợ mình không đủ giỏi.,"Con vốn dĩ đã trọn vẹn, chỉ là con quên mất sức mạnh của mình thôi.","Buff nội tại: Khi gạt bỏ nghi ngờ, nhân vật được tăng 20% chỉ số sức mạnh nền."
12,"Không có bóng tối, con sẽ chẳng thể nhận ra ánh sáng rực rỡ.",Khó khăn xuất hiện chỉ để làm nổi bật sự mạnh mẽ bên trong con.,"Cơ chế Tương phản: Trong hang tối hoặc đêm đen, sức mạnh kỹ năng của nhân vật tăng gấp đôi."
13,Tình yêu không phải là sự đánh đổi hay hy sinh cay đắng.,"Khi yêu thương đúng nghĩa, cả hai bên đều cảm thấy tràn đầy.",Tương tác NPC: Lựa chọn giúp đỡ không đòi hỏi thù lao sẽ nhận được phần thưởng ẩn giá trị hơn.
14,Bao dung là nhìn thấu vẻ đẹp đằng sau những vụng dại.,Người làm tổn thương kẻ khác thường là người đang mang nhiều vết thương nhất.,Kỹ năng Nhìn thấu: Hiển thị câu chuyện quá khứ của đối thủ để mở ra phương án hòa giải.
15,"Nỗi sợ khiến con thu mình, tình yêu chắp cánh cho con bay.",Hãy can đảm bước ra khỏi vùng an toàn để khám phá thế giới.,Mở khóa bản đồ: Bước vào vùng đất mới giúp nhân vật tăng tốc độ di chuyển.
16,Đừng bám chặt lấy mọi thứ vì sợ mất mát.,"Càng nắm chặt cát trong tay, cát càng trôi qua kẽ tay nhanh hơn.",Cơ chế Buông bỏ: Bỏ bớt vật phẩm dư thừa trong túi đồ giúp tăng tốc độ đánh và né tránh.
17,Tình yêu vô điều kiện không bao giờ đặt ra điều kiện 'nếu... thì...'.,Yêu là đón nhận trọn vẹn mà không bắt đối phương phải thay đổi.,Chỉ số Thiện cảm: Tăng tối đa khi chấp nhận quyết định riêng của các nhân vật đồng hành.
18,Căng thẳng xuất hiện khi con cố kiểm soát những thứ không thuộc về mình.,Hãy thả lỏng và tin tưởng vào dòng chảy tự nhiên của cuộc sống.,Cơ chế Giảm Bão Hòa: Đứng yên hít thở trong 5 giây giúp làm sạch mọi trạng thái bất lợi.
19,Hãy đối xử với bản thân bằng sự dịu dàng mà con dành cho người bạn thân.,Con xứng đáng nhận được sự chăm sóc từ chính mình.,Tính năng Chăm sóc: Đốt lửa trại và nghỉ ngơi giúp phục hồi năng lượng tối đa.
20,Sợ hãi chỉ là một ảo giác do trí óc tự vẽ ra.,"Nó giống như bóng đen trên tường, biến mất ngay khi con bật đèn lên.",Chiêu thức Ánh sáng: Phát sáng xung quanh khiến các ảo ảnh sợ hãi tự động tan biến.
21,Sự ghét bỏ là liều thuốc độc con uống nhưng mong người khác đổ gục.,Hãy buông bỏ giận hờn để tự giải thoát cho chính mình.,Xóa Debuff: Xóa bỏ sự thù hằn giúp làm đầy thanh năng lượng tức thì.
22,"Khi con chọn tình yêu, cả vũ trụ sẽ đứng về phía con.",Năng lượng tích cực luôn thu hút những điều tốt đẹp tương ứng.,Cơ chế May mắn: Lựa chọn hành động tử tế làm tăng 50% tỉ lệ may mắn ngẫu nhiên.
23,Hãy nhìn mọi thử thách như một trò chơi đố vui thú vị.,Đừng biến cuộc đời thành một bản án nặng nề.,Giao diện Game: Chuyển đổi nhạc nền sang giai điệu vui tươi khi bước vào trận đấu boss.
24,"Lòng nhân từ là sức mạnh lớn nhất, không phải là sự yếu đuối.",Mềm mại như nước nhưng có thể làm mòn cả đá cứng.,Chiêu thức Thủy năng: Dùng nước dập tắt các đòn tấn công lửa bạo lực.
25,Con luôn an toàn trong vòng tay của cuộc sống.,Không có gì có thể hủy hoại được bản chất tinh thần của con.,"Nội tại Bất tử: Linh hồn không bị tiêu diệt, chỉ chuyển sinh về điểm lưu gần nhất."
26,"Chúng ta chỉ là Một, không hề có sự chia rẽ thực sự.",Mọi người xung quanh đều là những mảnh ghép khác của chính con.,Cơ chế Cộng hưởng: Mọi hỗ trợ gieo cho đồng đội đều tự động phục hồi cho bản thân.
27,Giúp đỡ người khác chính là đang giúp đỡ chính mình.,"Khi con trao đi nụ cười, người nhận được niềm vui đầu tiên là con.",Tăng điểm Uy tín: Mọi hành động giúp dân làng đều làm tăng sức mạnh tổng thể của nhóm.
28,"Đừng làm tổn thương ai, vì nỗi đau đó sẽ dội ngược lại con.",Làm đau người khác giống như tay trái tự đánh vào tay phải.,Phản sát thương: Gây sát thương vô lý lên NPC lành tính sẽ khiến nhân vật tự mất máu.
29,Những người con gặp hôm nay đều mang đến một bài học.,Không có sự gặp gỡ nào là ngẫu nhiên hay vô nghĩa cả.,Hệ thống Ký ức: Mỗi NPC mới gặp đều bổ sung một trang tri thức vào sổ tay phiêu lưu.
30,"Con người phân chia ranh giới, còn tự nhiên thì không.",Mặt trời chiếu sáng cho tất cả mọi người không phân biệt.,"Môi trường mở: Không có bức tường vô hình, người chơi tự do di chuyển khắp cõi giới."
31,Hãy nhìn người đối diện như một phiên bản khác của con.,"Họ cũng có những lo âu, ước mơ và tổn thương giống hệt con.",Tính năng Đồng cảm: Hiển thị mức độ cảm xúc của đối phương trong hội thoại.
32,Chiến tranh và xung đột sinh ra từ ảo tưởng chia rẽ.,"Khi nghĩ mình tách biệt, con người mới dễ dàng tấn công nhau.",Nhiệm vụ Hòa bình: Mở khóa kết cục hòa giải bằng cách kết nối các phe phái tranh chấp.
33,"Con là một giọt nước trong đại dương, và cũng chính là cả đại dương.",Một hành động nhỏ của con cũng tạo ra sóng lan tỏa khắp nơi.,Cơ chế Hiệu ứng Bướm: Lựa chọn nhỏ ở làng đầu tiên ảnh hưởng đến cục diện thành phố cuối.
34,Trái Đất này là ngôi nhà chung của tất cả sinh linh.,Hãy bảo vệ thiên nhiên như bảo vệ chính căn nhà của con.,Hệ thống Môi trường: Trồng cây và làm sạch nguồn nước giúp tăng chỉ số sức sống khu vực.
35,Không ai là một hòn đảo cô độc giữa đại dương.,Chúng ta cần có nhau để hoàn thiện những trải nghiệm cuộc đời.,Tính năng Đội nhóm: Tạo lập tổ đội giúp mở khóa các kỹ năng hợp kích mạnh mẽ.
36,Lòng trắc ẩn xuất hiện khi con thấy mình trong nỗi đau người khác.,Sự thấu hiểu xóa tan mọi khoảng cách giữa người với người.,Cơ chế Chữa lành: Đứng gần đồng đội đang yếu máu giúp tự động hồi phục cho họ.
37,Kẻ thù lớn nhất thực ra chỉ là chiếc gương phản chiếu nỗi sợ của con.,Đối diện với kẻ thù là cơ hội để con chiến thắng bản ngã.,Cơ chế Soi gương: Boss cuối chính là phiên bản bóng tối của chính người chơi.
38,Đừng phán xét con đường của người khác.,"Con không đi trong đôi giày của họ, sao biết họ đã trải qua những gì.",Hội thoại Nhập vai: Loại bỏ các tùy chọn phán xét chỉ trích NPC.
39,Chia sẻ sự đủ đầy làm cho sự đủ đầy nhân lên gấp bội.,"Cho đi không mất đi, mà là mở rộng dòng chảy tích cực.",Hệ thống Bán hàng: Tặng quà cho thương nhân giúp hạ giá toàn bộ cửa hàng.
40,Tất cả chúng ta đều đang trên đường trở về Nhà.,"Mỗi người đi với tốc độ khác nhau, nhưng đích đến là một.",Điểm Lưu Game: Tất cả các con đường cuối cùng đều dẫn về Thánh điện Trung tâm.
41,Sự tha thứ là chìa khóa mở cánh cửa gông cồng chia rẽ.,"Khi buông hận thù, con mới thực sự được tự do.",Giải phóng Phong ấn: Tha thứ cho kẻ phản bội giúp giải phóng nguồn năng lượng ẩn.
42,Hãy sống sao cho thế giới tốt đẹp hơn nhờ sự hiện diện của con.,Mỗi ngày hãy gieo ít nhất một hạt giống tử tế.,Nhiệm vụ Hằng ngày: Hoàn thành 1 việc tốt nhỏ để nhận Lời chúc lành Vũ trụ.
43,Muôn loài đều thở chung một bầu khí quyển.,Mọi sự sống đều thiêng liêng và đáng được tôn trọng.,Cơ chế Thân thiện Tự nhiên: Quái vật dại trong rừng không chủ động tấn công người chơi.
44,Sự gắn kết không nằm ở lời nói mà ở sự cộng hưởng tâm hồn.,Đôi khi chỉ cần một ánh mắt thấu hiểu là đủ.,Tương tác Không Lời: Chọn biểu cảm mỉm cười để hoàn thành nhiệm vụ mà không cần nói.
45,Mọi ranh giới phe phái đều do con người tự vẽ ra.,Xóa bỏ ranh giới là bước đầu tiên của sự trưởng thành.,Tính năng Xuyên Quốc gia: Tự do giao thương và kết bạn với mọi phe phái trong game.
46,Tự nhiên không bao giờ tích trữ quá mức cần thiết.,Hãy sống đơn giản để mọi người cùng có đủ.,Túi đồ Tối giản: Giới hạn dung lượng kho giúp người chơi tập trung vào đồ thiết yếu.
47,"Khi con vui, cả vũ trụ cùng mỉm cười với con.",Trạng thái cảm xúc của con ảnh hưởng đến năng lượng xung quanh.,"Thời tiết Ý thức: Khi nhân vật vui vẻ, trời quang mây tạnh; khi buồn rầu, trời đổ mưa."
48,"Đừng tìm kiếm sự khác biệt để tranh chấp, hãy tìm điểm chung để gắn kết.",Tập trung vào những gì nối liền chúng ta.,Kỹ năng Thương lượng: Tìm điểm chung trong hội thoại giúp giảm 80% độ khó đàm phán.
49,Con là một nốt nhạc độc đáo trong bản hòa tấu vũ trụ.,Hãy chơi đúng nốt nhạc của mình để bản nhạc được trọn vẹn.,Mini-game Âm nhạc: Khung cảnh hòa tấu cộng hưởng mở ra cánh cổng bí mật.
50,Chúng ta cùng chung một nguồn gốc và cùng chung một tương lai.,Hãy nắm tay nhau cùng bước tiếp trên hành trình này.,Chế độ Co-op: Hỗ trợ người chơi mới giúp cả hai cùng nhận được danh hiệu đặc biệt.
51,Sức mạnh tối thượng chỉ tồn tại trong khoảnh khắc Bây giờ.,"Quá khứ đã qua, tương lai chưa tới, chỉ có hiện tại là thật.",Cơ chế Ngưng đọng Thời gian: Tập trung vào khoảnh khắc hiện tại giúp làm chậm thời gian xung quanh.
52,Đừng sống trong hoài niệm quá khứ hay lo âu tương lai.,Con đang bỏ lỡ vẻ đẹp của chính giây phút này.,Thanh Năng lượng Hiện tại: Chỉ tăng điểm khi nhân vật thực sự hoạt động trong hiện tại.
53,Mỗi khoảnh khắc là một sự khởi đầu mới tinh khôi.,Con có quyền chọn lại phiên bản của mình ngay lúc này.,Cơ chế Reset Kỹ năng: Có thể phân bổ lại điểm tiềm năng bất cứ lúc nào không tốn phí.
54,Chờ đợi điều kiện hoàn hảo mới hạnh phúc là một cái bẫy.,Hãy chọn hạnh phúc ngay bây giờ với những gì đang có.,Buff Trạng thái: Kích hoạt buff 'Hài lòng' giúp tăng 15% tất cả chỉ số.
55,Thở một hơi thật sâu và nhận biết con đang sống.,Hơi thở là chiếc neo đưa con trở về với hiện tại.,Kỹ năng Điều hòa: Hít thở sâu trong 3 giây giúp hồi phục hoàn toàn thanh thể lực.
56,"Cuộc đời không phải là chuyến đi đến đích, mà là chuyến thưởng ngoạn.",Hãy tận hưởng từng bước chân trên con đường đi.,Thưởng Khám phá: Nhận điểm kinh nghiệm khi đi dạo và ngắm các cảnh đẹp trên bản đồ.
57,"Đừng vội vã, mọi thứ đều diễn ra đúng thời điểm của nó.","Hoa nở đúng mùa, trái chín đúng cây, hãy kiên nhẫn.",Cơ chế Tự nhiên: Cây trồng và vật phẩm tự sinh trưởng theo chu kỳ thời gian thực.
58,"Sự lo lắng không làm cho ngày mai tốt hơn, nó chỉ làm hôm nay tệ đi.",Hãy trút bỏ gánh nặng suy nghĩ không cần thiết.,Giảm Debuff: Buông bỏ lo âu giúp xóa trạng thái mệt mỏi thể xác.
59,Hiện tại là món quà duy nhất mà vũ trụ trao cho con.,Đó là lý do người ta gọi hiện tại là Present (Món quà).,Vật phẩm Hằng ngày: Mỗi ngày đăng nhập nhận được một 'Món quà Hiện tại' ngẫu nhiên.
60,Tập trung trọn vẹn vào việc con đang làm.,"Khi ăn hãy ăn, khi làm hãy làm, đó là thiền định.",Bonus Chuyên tâm: Làm một công việc không bị gián đoạn giúp tăng 50% hiệu suất.
61,Mỗi giây phút trôi qua đều không bao giờ lặp lại.,Hãy trân trọng từng khoảnh khắc gặp gỡ trong đời.,Thoại Độc bản: Mỗi cuộc hội thoại với NPC chỉ diễn ra một lần duy nhất.
62,"Sự bình an không nằm ở nơi chốn, mà nằm ở tâm trí tĩnh lặng.",Con có thể tìm thấy sự tĩnh lặng ngay giữa đám đông náo nhiệt.,Kỹ năng Tĩnh lặng: Kích hoạt vùng bình an giúp vô hiệu hóa mọi tiếng ồn và sát thương.
63,Đừng để những tiếc nuối quá khứ làm mù mắt con trước hiện tại.,Hôm nay là một trang sách trắng tinh đang chờ con viết.,Lưu Game Mới: Mở trang lưu game mới giúp xóa bỏ mọi lựa chọn sai lầm cũ.
64,Lắng nghe tiếng nói tĩnh lặng bên trong con ngay lúc này.,Trực giác luôn thì thầm câu trả lời chính xác nhất.,Âm thanh Trực giác: Tiếng chuông nhỏ vang lên báo hiệu hướng đi đúng.
65,Nơi duy nhất con có thể thay đổi cuộc đời là Ngay Bây Giờ.,"Đừng hứa hẹn ngày mai, hãy hành động ngay hôm nay.",Nhiệm vụ Tức thì: Hoàn thành nhiệm vụ trong vòng 5 phút để nhận thêm phần thưởng.
66,Mỗi bước đi đều là điểm đến nếu con đi trong tỉnh thức.,Không cần phải vội vã chạy đua với ai cả.,Tốc độ Tự do: Không có đếm ngược thời gian trong các nhiệm vụ khám phá.
67,Chấp nhận giây phút hiện tại như nó vốn là.,Kháng cự lại thực tại chỉ tạo ra sự đau khổ.,Cơ chế Chấp nhận: Chấp nhận kết quả thử thách giúp mở ra nhánh kịch bản mới.
68,"Hãy sống như thể hôm nay là ngày cuối cùng, và cũng là ngày đầu tiên.",Trân trọng từng trải nghiệm với sự ngạc nhiên của trẻ thơ.,Góc nhìn Trẻ thơ: Mở chế độ màu sắc rực rỡ cho thế giới game.
69,Thế giới bên ngoài chỉ là phản chiếu trạng thái nội tâm hiện tại.,"Muốn thế giới bình an, hãy làm cho tâm mình bình an trước.",Cơ chế Phản chiếu: Tâm trạng nhân vật thay đổi cảnh quan môi trường xung quanh.
70,Hãy chậm lại một chút để cảm nhận nhịp đập của sự sống.,Sự vội vã khiến con bỏ lỡ những điều kỳ diệu nhỏ bé.,Chế độ Chậm rãi: Bật chế độ đi bộ để phát hiện các báu vật ẩn dưới đất.
71,Mọi câu trả lời con tìm kiếm đều đang có sẵn trong khoảnh khắc này.,Hãy ngừng tìm kiếm bên ngoài và quay về bên trong.,Giao diện Tra cứu: Mở menu Tri thức để xem giải đáp cho mọi thắc mắc.
72,Đừng để suy nghĩ kéo con về quá khứ hay đẩy con tới tương lai.,Hãy là người quan sát tĩnh lặng những suy nghĩ trôi qua.,Mini-game Quan sát: Điểm tập trung tăng khi giữ tâm trí không bị xao nhãng.
73,Hiện tại chính là cổng vào của cõi vĩnh cửu.,"Khi con hiện diện trọn vẹn, thời gian dường như dừng lại.",Cõi Vĩnh cửu: Bước vào không gian đặc biệt nơi thể lực không bị hao mòn.
74,Mỗi vết thương trong quá khứ đều là một bài học đã hoàn thành.,Hãy cảm ơn nó và để nó lùi vào quá khứ.,Cơ chế Tái sinh: Chuyển hóa các đòn đánh cũ thành giáp bảo vệ hiện tại.
75,Hãy bắt đầu ngày mới bằng lòng biết ơn đơn sơ.,Biết ơn vì con lại có thêm một ngày để trải nghiệm cuộc sống.,Lời chúc Buổi sáng: Nhận buff may mắn mỗi khi bắt đầu một ngày mới trong game.
76,Con là đấng đồng sáng tạo nên cuộc đời của chính mình.,"Không có số phận cố định, con vẽ nên tương lai bằng từng lựa chọn.","Hệ thống Tự do: Game hoàn toàn không có kịch bản ép buộc, người chơi tự viết kết thúc."
77,Mô hình kiến tạo đúng đắn là: Là -> Làm -> Có.,"Hãy định hình bản thân (Là) trước, rồi hành động (Làm) sẽ tự nhiên dẫn đến kết quả (Có).",Cơ chế Be-Do-Have: Chọn thuộc tính tâm lý trước để mở khóa bộ kỹ năng tương ứng.
78,Suy nghĩ của con là những hạt giống sáng tạo mạnh mẽ.,Những gì con nghĩ nhiều nhất sẽ trở thành thực tại của con.,Cơ chế Ý tưởng: Chọn hướng suy nghĩ tích cực giúp thế giới sinh ra nhiều tài nguyên hơn.
79,Lời nói của con có quyền năng ra lệnh cho vũ trụ.,"Khi con tuyên bố 'Tôi là...', con đang kích hoạt sức mạnh sáng tạo.",Khẩu lệnh Quyền năng: Dùng phím tắt tuyên bố trạng thái để nhận hiệu ứng tức thì.
80,"Đừng xin điều con thiếu, hãy cảm ơn như thể con đã có nó.","Cầu xin khẳng định sự thiếu thốn, biết ơn khẳng định sự đủ đầy.",Cơ chế Cầu nguyện: Nút 'Cảm ơn' giúp nhân vật nhận được sự hỗ trợ bất ngờ.
81,Con hoàn toàn tự do lựa chọn phiên bản vĩ đại nhất của mình.,Không ai có quyền hạn chế ước mơ và tiềm năng của con.,Tạo nhân vật: Tự do tùy chỉnh ngoại hình và phẩm chất không giới hạn.
82,"Không có quyết định nào là sai, chỉ có những trải nghiệm khác nhau.",Mọi con đường đều mang đến những bài học quý giá.,Cây kịch bản: Mọi nhánh lựa chọn đều dẫn đến các nội dung chơi hấp dẫn.
83,Hãy chấm dứt lối sống vô ý thức như một nạn nhân.,"Con không phải là nạn nhân của hoàn cảnh, con là người chọn cách ứng xử.",Xóa bỏ Trạng thái Nạn nhân: Chọn nhận trách nhiệm giúp tăng 100% sức mạnh nội tại.
84,Những gì con chống cự sẽ tiếp tục tồn tại.,"Khi con kháng cự điều gì, con đang vô tình trao năng lượng cho nó.",Cơ chế Hòa giải: Ngừng chống cự giúp vô hiệu hóa các đòn tấn công của đối thủ.
85,"Tâm trí con là chiếc máy chiếu, thế giới là màn ảnh.","Muốn đổi phim trên màn ảnh, hãy đổi đĩa phim trong máy chiếu.",Cơ chế Đổi đĩa phim: Thay đổi góc nhìn giúp biến bản đồ u tăm thành đồng cỏ xanh.
86,Mỗi khoảnh khắc là cơ hội để con tự định nghĩa lại bản thân.,Con không bị ràng buộc bởi những gì con đã từng làm trong quá khứ.,Cơ chế Đột phá: Bất ngờ chuyển đổi hệ phái kỹ năng ngay trong trận đấu.
87,Sự thay đổi thế giới bắt đầu từ sự chuyển dịch bên trong con.,"Muốn thế giới hòa bình, hãy làm cho tâm mình bình an.",Tác động Diện rộng: Mức độ bình an của người chơi giúp xua tan sương mù toàn bản đồ.
88,Con không thể sáng tạo ra cái mà con đang chối bỏ.,Hãy chấp nhận tất cả rồi mới tự do chọn lựa điều tốt nhất.,Cơ chế Đón nhận: Thu thập cả vật phẩm hỏng để chế tạo thành công cụ cao cấp.
89,Hãy lắng nghe trái tim thay vì chỉ nghe theo lý trí phân tích.,Trái tim biết những điều mà lý trí chưa từng hiểu được.,La bàn Trái tim: Kim la bàn chỉ hướng về nhiệm vụ mang lại niềm vui lớn nhất.
90,Con không bao giờ có thể thua trong trò chơi cuộc đời này.,"Đích đến cuối cùng là sự trở về, và điều đó đã được đảm bảo.","Chế độ An toàn: Không bao giờ bị Game Over vĩnh viễn, luôn có cơ hội thử lại."
91,"Chân lý không phải là thứ cố định, nó là sự trải nghiệm sống động.",Hãy tự mình trải nghiệm thay vì chỉ tin vào lời người khác.,Thử nghiệm Tự do: Tự do kết hợp các nguyên liệu để sáng tạo công thức mới.
92,"Cuộc đời là sân chơi sáng tạo, không phải trường thi căng thẳng.",Hãy chơi hết mình với niềm vui và sự háo hức.,Nhạc nền Sân chơi: Nhạc rộn rã kích thích tinh thần khám phá.
93,"Khi con tuyên bố điều gì với niềm tin tuyệt đối, nó sẽ hiện hữu.",Sức mạnh của niềm tin có thể dời sông lấp núi.,Kỹ năng Niềm tin: Biến các cây cầu gãy thành đường đi vững chắc.
94,Hãy chịu trách nhiệm 100% cho cuộc đời của mình.,Đó là bước đầu tiên để lấy lại quyền năng làm chủ.,Thành tựu Làm chủ: Mở khóa danh hiệu 'Đấng Tự chủ' khi không đổ lỗi cho NPC.
95,"Con là tác giả cuốn sách cuộc đời mình, hãy viết nên câu chuyện đẹp.",Mỗi ngày là một trang sách mới đầy hứa hẹn.,Sổ tay Phiêu lưu: Tự do ghi chép và lưu lại những khoảnh khắc đáng nhớ.
96,"Đừng sống theo kỳ vọng của người khác, hãy sống chân thật với mình.","Con đến đây để làm con, không phải để làm bản sao của ai.",Lựa chọn Độc lập:Từ chối các yêu cầu vô lý của NPC để giữ vững định hướng cá nhân.
97,Mọi hoàn cảnh đều là vô hại cho đến khi con gán ý nghĩa cho nó.,Con có quyền chọn cách nhìn nhận mọi sự việc.,Cơ chế Đổi góc nhìn: Chuyển đổi ý nghĩa sự kiện từ 'Thất bại' sang 'Bài học'.
98,Sự sáng tạo thực sự bắt đầu khi con dám nghĩ khác đi.,Đừng ngại bước đi trên con đường chưa ai đi.,Con đường Ẩn: Khám phá các lối đi riêng không có trên bản đồ tiêu chuẩn.
99,Ý chí tự do là món quà thiêng liêng nhất con được ban tặng.,"Không ai, kể cả Thượng đế, ép buộc lựa chọn của con.",Lựa chọn Tuyệt đối: Có thể bỏ qua mọi lời khuyên của thần linh để tự đi đường riêng.
100,Hãy mỉm cười và tận hưởng từng bước đi trên hành trình này.,Trò chơi này được tạo ra là để con chung vui!,Biểu cảm Mỉm cười: Bấm nút mỉm cười để lan tỏa niềm vui cho tất cả sinh linh xung quanh.
101,Hãy nhớ rằng con luôn được nâng đỡ trong từng bước đi. (Thông điệp ngày 101),Nhận biết trọn vẹn từng suy nghĩ và hành động. Hãy áp dụng sự tỉnh thức này vào ngày hôm nay.,Kích hoạt trạng thái Quan Sát giúp phát hiện bẫy và bí mật.
102,"Sự bình an thật sự không đến từ bên ngoài, nó bắt đầu từ bên trong. (Thông điệp ngày 102)",Lời nói ra là mệnh lệnh gửi vào vũ trụ. Hãy áp dụng sự tỉnh thức này vào ngày hôm nay.,Lời tuyên bố tích cực gia tăng sức mạnh tấn công và phòng thủ.
103,"Đừng lo lắng về tương lai, hãy làm tốt việc của khoảnh khắc này. (Thông điệp ngày 103)",Biết ơn mở ra cánh cửa của sự đủ đầy. Hãy áp dụng sự tỉnh thức này vào ngày hôm nay.,Bấm nút 'Biết ơn' để nhận lượng tài nguyên ngẫu nhiên mỗi ngày.
104,Con là một biểu hiện tuyệt đẹp và độc bản của sự sống. (Thông điệp ngày 104),Tiếng nói nhỏ nhẹ bên trong luôn chỉ đúng hướng. Hãy áp dụng sự tỉnh thức này vào ngày hôm nay.,Bật La bàn Trực giác để hiển thị đường ngắn nhất tới mục tiêu.
105,Mọi rào cản chỉ là cơ hội để con rèn luyện sức mạnh nội tâm. (Thông điệp ngày 105),Ngừng dán nhãn đúng sai để tâm trí bình an. Hãy áp dụng sự tỉnh thức này vào ngày hôm nay.,Tắt phán xét giúp vô hiệu hóa các chiêu thức khiêu khích của kẻ địch.
106,Hãy đối xử nhẹ nhàng với bản thân khi gặp khó khăn. (Thông điệp ngày 106),Con là tác giả vẽ nên từng cảnh quay cuộc đời. Hãy áp dụng sự tỉnh thức này vào ngày hôm nay.,Tự do thay đổi màu sắc và thời tiết trong thế giới game.
107,Không có lỗi lầm nào không thể chuyển hóa thành bài học. (Thông điệp ngày 107),Một hành động tử tế nhỏ làm ấm cả thế giới. Hãy áp dụng sự tỉnh thức này vào ngày hôm nay.,Tặng quà cho người nghèo làm tăng điểm hào quang uy tín.
108,Hãy để tình yêu dẫn dắt mọi lời nói và việc làm hôm nay. (Thông điệp ngày 108),Thân xác đổi thay nhưng linh hồn sống mãi. Hãy áp dụng sự tỉnh thức này vào ngày hôm nay.,Tái sinh ngay tại điểm ngã gục mà không mất hành trang.
109,"Cuộc đời là một món quà, hãy mở nó ra với sự háo hức. (Thông điệp ngày 109)",Chấp nhận những gì đang là để chuyển hóa nó. Hãy áp dụng sự tỉnh thức này vào ngày hôm nay.,Đón nhận thử thách giúp nhân vật hồi phục thể lực tức thì.
110,"Hãy tin vào hành trình của riêng con, đừng so sánh với ai. (Thông điệp ngày 110)",Nụ cười xua tan mọi mỏi mệt và sương mù. Hãy áp dụng sự tỉnh thức này vào ngày hôm nay.,Bấm biểu cảm 'Cười' để giải trừ trạng thái u ủ cho cả đội.
111,Sự tĩnh lặng giúp con kết nối lại với sức mạnh sâu thẳm. (Thông điệp ngày 111),Nhận biết trọn vẹn từng suy nghĩ và hành động. Hãy áp dụng sự tỉnh thức này vào ngày hôm nay.,Kích hoạt trạng thái Quan Sát giúp phát hiện bẫy và bí mật.
112,Mọi câu trả lời con cần đều đã có sẵn trong tim con. (Thông điệp ngày 112),Lời nói ra là mệnh lệnh gửi vào vũ trụ. Hãy áp dụng sự tỉnh thức này vào ngày hôm nay.,Lời tuyên bố tích cực gia tăng sức mạnh tấn công và phòng thủ.
113,Hãy dũng cảm sống là chính mình mà không cần xin lỗi ai. (Thông điệp ngày 113),Biết ơn mở ra cánh cửa của sự đủ đầy. Hãy áp dụng sự tỉnh thức này vào ngày hôm nay.,Bấm nút 'Biết ơn' để nhận lượng tài nguyên ngẫu nhiên mỗi ngày.
114,Mỗi ngày là một cơ hội để con bắt đầu lại từ đầu. (Thông điệp ngày 114),Tiếng nói nhỏ nhẹ bên trong luôn chỉ đúng hướng. Hãy áp dụng sự tỉnh thức này vào ngày hôm nay.,Bật La bàn Trực giác để hiển thị đường ngắn nhất tới mục tiêu.
115,Hãy tha thứ và giải phóng cho quá khứ lùi vào quên lãng. (Thông điệp ngày 115),Ngừng dán nhãn đúng sai để tâm trí bình an. Hãy áp dụng sự tỉnh thức này vào ngày hôm nay.,Tắt phán xét giúp vô hiệu hóa các chiêu thức khiêu khích của kẻ địch.
116,Niềm vui đơn sơ đến từ việc trân trọng những gì đang có. (Thông điệp ngày 116),Con là tác giả vẽ nên từng cảnh quay cuộc đời. Hãy áp dụng sự tỉnh thức này vào ngày hôm nay.,Tự do thay đổi màu sắc và thời tiết trong thế giới game.
117,Hãy mở lòng đón nhận những điều bất ngờ dễ thương của cuộc sống. (Thông điệp ngày 117),Một hành động tử tế nhỏ làm ấm cả thế giới. Hãy áp dụng sự tỉnh thức này vào ngày hôm nay.,Tặng quà cho người nghèo làm tăng điểm hào quang uy tín.
118,"Con không một mình, vũ trụ luôn đồng hành cùng con. (Thông điệp ngày 118)",Thân xác đổi thay nhưng linh hồn sống mãi. Hãy áp dụng sự tỉnh thức này vào ngày hôm nay.,Tái sinh ngay tại điểm ngã gục mà không mất hành trang.
119,Hãy sống chậm lại để cảm nhận sự kỳ diệu quanh con. (Thông điệp ngày 119),Chấp nhận những gì đang là để chuyển hóa nó. Hãy áp dụng sự tỉnh thức này vào ngày hôm nay.,Đón nhận thử thách giúp nhân vật hồi phục thể lực tức thì.
120,Sức mạnh của con nằm ở sự lựa chọn cách ứng xử hôm nay. (Thông điệp ngày 120),Nụ cười xua tan mọi mỏi mệt và sương mù. Hãy áp dụng sự tỉnh thức này vào ngày hôm nay.,Bấm biểu cảm 'Cười' để giải trừ trạng thái u ủ cho cả đội.
121,Hãy nhớ rằng con luôn được nâng đỡ trong từng bước đi. (Thông điệp ngày 121),Nhận biết trọn vẹn từng suy nghĩ và hành động. Hãy áp dụng sự tỉnh thức này vào ngày hôm nay.,Kích hoạt trạng thái Quan Sát giúp phát hiện bẫy và bí mật.
122,"Sự bình an thật sự không đến từ bên ngoài, nó bắt đầu từ bên trong. (Thông điệp ngày 122)",Lời nói ra là mệnh lệnh gửi vào vũ trụ. Hãy áp dụng sự tỉnh thức này vào ngày hôm nay.,Lời tuyên bố tích cực gia tăng sức mạnh tấn công và phòng thủ.
123,"Đừng lo lắng về tương lai, hãy làm tốt việc của khoảnh khắc này. (Thông điệp ngày 123)",Biết ơn mở ra cánh cửa của sự đủ đầy. Hãy áp dụng sự tỉnh thức này vào ngày hôm nay.,Bấm nút 'Biết ơn' để nhận lượng tài nguyên ngẫu nhiên mỗi ngày.
124,Con là một biểu hiện tuyệt đẹp và độc bản của sự sống. (Thông điệp ngày 124),Tiếng nói nhỏ nhẹ bên trong luôn chỉ đúng hướng. Hãy áp dụng sự tỉnh thức này vào ngày hôm nay.,Bật La bàn Trực giác để hiển thị đường ngắn nhất tới mục tiêu.
125,Mọi rào cản chỉ là cơ hội để con rèn luyện sức mạnh nội tâm. (Thông điệp ngày 125),Ngừng dán nhãn đúng sai để tâm trí bình an. Hãy áp dụng sự tỉnh thức này vào ngày hôm nay.,Tắt phán xét giúp vô hiệu hóa các chiêu thức khiêu khích của kẻ địch.
126,Hãy đối xử nhẹ nhàng với bản thân khi gặp khó khăn. (Thông điệp ngày 126),Con là tác giả vẽ nên từng cảnh quay cuộc đời. Hãy áp dụng sự tỉnh thức này vào ngày hôm nay.,Tự do thay đổi màu sắc và thời tiết trong thế giới game.
127,Không có lỗi lầm nào không thể chuyển hóa thành bài học. (Thông điệp ngày 127),Một hành động tử tế nhỏ làm ấm cả thế giới. Hãy áp dụng sự tỉnh thức này vào ngày hôm nay.,Tặng quà cho người nghèo làm tăng điểm hào quang uy tín.
128,Hãy để tình yêu dẫn dắt mọi lời nói và việc làm hôm nay. (Thông điệp ngày 128),Thân xác đổi thay nhưng linh hồn sống mãi. Hãy áp dụng sự tỉnh thức này vào ngày hôm nay.,Tái sinh ngay tại điểm ngã gục mà không mất hành trang.
129,"Cuộc đời là một món quà, hãy mở nó ra với sự háo hức. (Thông điệp ngày 129)",Chấp nhận những gì đang là để chuyển hóa nó. Hãy áp dụng sự tỉnh thức này vào ngày hôm nay.,Đón nhận thử thách giúp nhân vật hồi phục thể lực tức thì.
130,"Hãy tin vào hành trình của riêng con, đừng so sánh với ai. (Thông điệp ngày 130)",Nụ cười xua tan mọi mỏi mệt và sương mù. Hãy áp dụng sự tỉnh thức này vào ngày hôm nay.,Bấm biểu cảm 'Cười' để giải trừ trạng thái u ủ cho cả đội.
131,Sự tĩnh lặng giúp con kết nối lại với sức mạnh sâu thẳm. (Thông điệp ngày 131),Nhận biết trọn vẹn từng suy nghĩ và hành động. Hãy áp dụng sự tỉnh thức này vào ngày hôm nay.,Kích hoạt trạng thái Quan Sát giúp phát hiện bẫy và bí mật.
132,Mọi câu trả lời con cần đều đã có sẵn trong tim con. (Thông điệp ngày 132),Lời nói ra là mệnh lệnh gửi vào vũ trụ. Hãy áp dụng sự tỉnh thức này vào ngày hôm nay.,Lời tuyên bố tích cực gia tăng sức mạnh tấn công và phòng thủ.
133,Hãy dũng cảm sống là chính mình mà không cần xin lỗi ai. (Thông điệp ngày 133),Biết ơn mở ra cánh cửa của sự đủ đầy. Hãy áp dụng sự tỉnh thức này vào ngày hôm nay.,Bấm nút 'Biết ơn' để nhận lượng tài nguyên ngẫu nhiên mỗi ngày.
134,Mỗi ngày là một cơ hội để con bắt đầu lại từ đầu. (Thông điệp ngày 134),Tiếng nói nhỏ nhẹ bên trong luôn chỉ đúng hướng. Hãy áp dụng sự tỉnh thức này vào ngày hôm nay.,Bật La bàn Trực giác để hiển thị đường ngắn nhất tới mục tiêu.
135,Hãy tha thứ và giải phóng cho quá khứ lùi vào quên lãng. (Thông điệp ngày 135),Ngừng dán nhãn đúng sai để tâm trí bình an. Hãy áp dụng sự tỉnh thức này vào ngày hôm nay.,Tắt phán xét giúp vô hiệu hóa các chiêu thức khiêu khích của kẻ địch.
136,Niềm vui đơn sơ đến từ việc trân trọng những gì đang có. (Thông điệp ngày 136),Con là tác giả vẽ nên từng cảnh quay cuộc đời. Hãy áp dụng sự tỉnh thức này vào ngày hôm nay.,Tự do thay đổi màu sắc và thời tiết trong thế giới game.
137,Hãy mở lòng đón nhận những điều bất ngờ dễ thương của cuộc sống. (Thông điệp ngày 137),Một hành động tử tế nhỏ làm ấm cả thế giới. Hãy áp dụng sự tỉnh thức này vào ngày hôm nay.,Tặng quà cho người nghèo làm tăng điểm hào quang uy tín.
138,"Con không một mình, vũ trụ luôn đồng hành cùng con. (Thông điệp ngày 138)",Thân xác đổi thay nhưng linh hồn sống mãi. Hãy áp dụng sự tỉnh thức này vào ngày hôm nay.,Tái sinh ngay tại điểm ngã gục mà không mất hành trang.
139,Hãy sống chậm lại để cảm nhận sự kỳ diệu quanh con. (Thông điệp ngày 139),Chấp nhận những gì đang là để chuyển hóa nó. Hãy áp dụng sự tỉnh thức này vào ngày hôm nay.,Đón nhận thử thách giúp nhân vật hồi phục thể lực tức thì.
140,Sức mạnh của con nằm ở sự lựa chọn cách ứng xử hôm nay. (Thông điệp ngày 140),Nụ cười xua tan mọi mỏi mệt và sương mù. Hãy áp dụng sự tỉnh thức này vào ngày hôm nay.,Bấm biểu cảm 'Cười' để giải trừ trạng thái u ủ cho cả đội.
141,Hãy nhớ rằng con luôn được nâng đỡ trong từng bước đi. (Thông điệp ngày 141),Nhận biết trọn vẹn từng suy nghĩ và hành động. Hãy áp dụng sự tỉnh thức này vào ngày hôm nay.,Kích hoạt trạng thái Quan Sát giúp phát hiện bẫy và bí mật.
142,"Sự bình an thật sự không đến từ bên ngoài, nó bắt đầu từ bên trong. (Thông điệp ngày 142)",Lời nói ra là mệnh lệnh gửi vào vũ trụ. Hãy áp dụng sự tỉnh thức này vào ngày hôm nay.,Lời tuyên bố tích cực gia tăng sức mạnh tấn công và phòng thủ.
143,"Đừng lo lắng về tương lai, hãy làm tốt việc của khoảnh khắc này. (Thông điệp ngày 143)",Biết ơn mở ra cánh cửa của sự đủ đầy. Hãy áp dụng sự tỉnh thức này vào ngày hôm nay.,Bấm nút 'Biết ơn' để nhận lượng tài nguyên ngẫu nhiên mỗi ngày.
144,Con là một biểu hiện tuyệt đẹp và độc bản của sự sống. (Thông điệp ngày 144),Tiếng nói nhỏ nhẹ bên trong luôn chỉ đúng hướng. Hãy áp dụng sự tỉnh thức này vào ngày hôm nay.,Bật La bàn Trực giác để hiển thị đường ngắn nhất tới mục tiêu.
145,Mọi rào cản chỉ là cơ hội để con rèn luyện sức mạnh nội tâm. (Thông điệp ngày 145),Ngừng dán nhãn đúng sai để tâm trí bình an. Hãy áp dụng sự tỉnh thức này vào ngày hôm nay.,Tắt phán xét giúp vô hiệu hóa các chiêu thức khiêu khích của kẻ địch.
146,Hãy đối xử nhẹ nhàng với bản thân khi gặp khó khăn. (Thông điệp ngày 146),Con là tác giả vẽ nên từng cảnh quay cuộc đời. Hãy áp dụng sự tỉnh thức này vào ngày hôm nay.,Tự do thay đổi màu sắc và thời tiết trong thế giới game.
147,Không có lỗi lầm nào không thể chuyển hóa thành bài học. (Thông điệp ngày 147),Một hành động tử tế nhỏ làm ấm cả thế giới. Hãy áp dụng sự tỉnh thức này vào ngày hôm nay.,Tặng quà cho người nghèo làm tăng điểm hào quang uy tín.
148,Hãy để tình yêu dẫn dắt mọi lời nói và việc làm hôm nay. (Thông điệp ngày 148),Thân xác đổi thay nhưng linh hồn sống mãi. Hãy áp dụng sự tỉnh thức này vào ngày hôm nay.,Tái sinh ngay tại điểm ngã gục mà không mất hành trang.
149,"Cuộc đời là một món quà, hãy mở nó ra với sự háo hức. (Thông điệp ngày 149)",Chấp nhận những gì đang là để chuyển hóa nó. Hãy áp dụng sự tỉnh thức này vào ngày hôm nay.,Đón nhận thử thách giúp nhân vật hồi phục thể lực tức thì.
150,"Hãy tin vào hành trình của riêng con, đừng so sánh với ai. (Thông điệp ngày 150)",Nụ cười xua tan mọi mỏi mệt và sương mù. Hãy áp dụng sự tỉnh thức này vào ngày hôm nay.,Bấm biểu cảm 'Cười' để giải trừ trạng thái u ủ cho cả đội.
151,Sự tĩnh lặng giúp con kết nối lại với sức mạnh sâu thẳm. (Thông điệp ngày 151),Nhận biết trọn vẹn từng suy nghĩ và hành động. Hãy áp dụng sự tỉnh thức này vào ngày hôm nay.,Kích hoạt trạng thái Quan Sát giúp phát hiện bẫy và bí mật.
152,Mọi câu trả lời con cần đều đã có sẵn trong tim con. (Thông điệp ngày 152),Lời nói ra là mệnh lệnh gửi vào vũ trụ. Hãy áp dụng sự tỉnh thức này vào ngày hôm nay.,Lời tuyên bố tích cực gia tăng sức mạnh tấn công và phòng thủ.
153,Hãy dũng cảm sống là chính mình mà không cần xin lỗi ai. (Thông điệp ngày 153),Biết ơn mở ra cánh cửa của sự đủ đầy. Hãy áp dụng sự tỉnh thức này vào ngày hôm nay.,Bấm nút 'Biết ơn' để nhận lượng tài nguyên ngẫu nhiên mỗi ngày.
154,Mỗi ngày là một cơ hội để con bắt đầu lại từ đầu. (Thông điệp ngày 154),Tiếng nói nhỏ nhẹ bên trong luôn chỉ đúng hướng. Hãy áp dụng sự tỉnh thức này vào ngày hôm nay.,Bật La bàn Trực giác để hiển thị đường ngắn nhất tới mục tiêu.
155,Hãy tha thứ và giải phóng cho quá khứ lùi vào quên lãng. (Thông điệp ngày 155),Ngừng dán nhãn đúng sai để tâm trí bình an. Hãy áp dụng sự tỉnh thức này vào ngày hôm nay.,Tắt phán xét giúp vô hiệu hóa các chiêu thức khiêu khích của kẻ địch.
156,Niềm vui đơn sơ đến từ việc trân trọng những gì đang có. (Thông điệp ngày 156),Con là tác giả vẽ nên từng cảnh quay cuộc đời. Hãy áp dụng sự tỉnh thức này vào ngày hôm nay.,Tự do thay đổi màu sắc và thời tiết trong thế giới game.
157,Hãy mở lòng đón nhận những điều bất ngờ dễ thương của cuộc sống. (Thông điệp ngày 157),Một hành động tử tế nhỏ làm ấm cả thế giới. Hãy áp dụng sự tỉnh thức này vào ngày hôm nay.,Tặng quà cho người nghèo làm tăng điểm hào quang uy tín.
158,"Con không một mình, vũ trụ luôn đồng hành cùng con. (Thông điệp ngày 158)",Thân xác đổi thay nhưng linh hồn sống mãi. Hãy áp dụng sự tỉnh thức này vào ngày hôm nay.,Tái sinh ngay tại điểm ngã gục mà không mất hành trang.
159,Hãy sống chậm lại để cảm nhận sự kỳ diệu quanh con. (Thông điệp ngày 159),Chấp nhận những gì đang là để chuyển hóa nó. Hãy áp dụng sự tỉnh thức này vào ngày hôm nay.,Đón nhận thử thách giúp nhân vật hồi phục thể lực tức thì.
160,Sức mạnh của con nằm ở sự lựa chọn cách ứng xử hôm nay. (Thông điệp ngày 160),Nụ cười xua tan mọi mỏi mệt và sương mù. Hãy áp dụng sự tỉnh thức này vào ngày hôm nay.,Bấm biểu cảm 'Cười' để giải trừ trạng thái u ủ cho cả đội.
161,Hãy nhớ rằng con luôn được nâng đỡ trong từng bước đi. (Thông điệp ngày 161),Nhận biết trọn vẹn từng suy nghĩ và hành động. Hãy áp dụng sự tỉnh thức này vào ngày hôm nay.,Kích hoạt trạng thái Quan Sát giúp phát hiện bẫy và bí mật.
162,"Sự bình an thật sự không đến từ bên ngoài, nó bắt đầu từ bên trong. (Thông điệp ngày 162)",Lời nói ra là mệnh lệnh gửi vào vũ trụ. Hãy áp dụng sự tỉnh thức này vào ngày hôm nay.,Lời tuyên bố tích cực gia tăng sức mạnh tấn công và phòng thủ.
163,"Đừng lo lắng về tương lai, hãy làm tốt việc của khoảnh khắc này. (Thông điệp ngày 163)",Biết ơn mở ra cánh cửa của sự đủ đầy. Hãy áp dụng sự tỉnh thức này vào ngày hôm nay.,Bấm nút 'Biết ơn' để nhận lượng tài nguyên ngẫu nhiên mỗi ngày.
164,Con là một biểu hiện tuyệt đẹp và độc bản của sự sống. (Thông điệp ngày 164),Tiếng nói nhỏ nhẹ bên trong luôn chỉ đúng hướng. Hãy áp dụng sự tỉnh thức này vào ngày hôm nay.,Bật La bàn Trực giác để hiển thị đường ngắn nhất tới mục tiêu.
165,Mọi rào cản chỉ là cơ hội để con rèn luyện sức mạnh nội tâm. (Thông điệp ngày 165),Ngừng dán nhãn đúng sai để tâm trí bình an. Hãy áp dụng sự tỉnh thức này vào ngày hôm nay.,Tắt phán xét giúp vô hiệu hóa các chiêu thức khiêu khích của kẻ địch.
166,Hãy đối xử nhẹ nhàng với bản thân khi gặp khó khăn. (Thông điệp ngày 166),Con là tác giả vẽ nên từng cảnh quay cuộc đời. Hãy áp dụng sự tỉnh thức này vào ngày hôm nay.,Tự do thay đổi màu sắc và thời tiết trong thế giới game.
167,Không có lỗi lầm nào không thể chuyển hóa thành bài học. (Thông điệp ngày 167),Một hành động tử tế nhỏ làm ấm cả thế giới. Hãy áp dụng sự tỉnh thức này vào ngày hôm nay.,Tặng quà cho người nghèo làm tăng điểm hào quang uy tín.
168,Hãy để tình yêu dẫn dắt mọi lời nói và việc làm hôm nay. (Thông điệp ngày 168),Thân xác đổi thay nhưng linh hồn sống mãi. Hãy áp dụng sự tỉnh thức này vào ngày hôm nay.,Tái sinh ngay tại điểm ngã gục mà không mất hành trang.
169,"Cuộc đời là một món quà, hãy mở nó ra với sự háo hức. (Thông điệp ngày 169)",Chấp nhận những gì đang là để chuyển hóa nó. Hãy áp dụng sự tỉnh thức này vào ngày hôm nay.,Đón nhận thử thách giúp nhân vật hồi phục thể lực tức thì.
170,"Hãy tin vào hành trình của riêng con, đừng so sánh với ai. (Thông điệp ngày 170)",Nụ cười xua tan mọi mỏi mệt và sương mù. Hãy áp dụng sự tỉnh thức này vào ngày hôm nay.,Bấm biểu cảm 'Cười' để giải trừ trạng thái u ủ cho cả đội.
171,Sự tĩnh lặng giúp con kết nối lại với sức mạnh sâu thẳm. (Thông điệp ngày 171),Nhận biết trọn vẹn từng suy nghĩ và hành động. Hãy áp dụng sự tỉnh thức này vào ngày hôm nay.,Kích hoạt trạng thái Quan Sát giúp phát hiện bẫy và bí mật.
172,Mọi câu trả lời con cần đều đã có sẵn trong tim con. (Thông điệp ngày 172),Lời nói ra là mệnh lệnh gửi vào vũ trụ. Hãy áp dụng sự tỉnh thức này vào ngày hôm nay.,Lời tuyên bố tích cực gia tăng sức mạnh tấn công và phòng thủ.
173,Hãy dũng cảm sống là chính mình mà không cần xin lỗi ai. (Thông điệp ngày 173),Biết ơn mở ra cánh cửa của sự đủ đầy. Hãy áp dụng sự tỉnh thức này vào ngày hôm nay.,Bấm nút 'Biết ơn' để nhận lượng tài nguyên ngẫu nhiên mỗi ngày.
174,Mỗi ngày là một cơ hội để con bắt đầu lại từ đầu. (Thông điệp ngày 174),Tiếng nói nhỏ nhẹ bên trong luôn chỉ đúng hướng. Hãy áp dụng sự tỉnh thức này vào ngày hôm nay.,Bật La bàn Trực giác để hiển thị đường ngắn nhất tới mục tiêu.
175,Hãy tha thứ và giải phóng cho quá khứ lùi vào quên lãng. (Thông điệp ngày 175),Ngừng dán nhãn đúng sai để tâm trí bình an. Hãy áp dụng sự tỉnh thức này vào ngày hôm nay.,Tắt phán xét giúp vô hiệu hóa các chiêu thức khiêu khích của kẻ địch.
176,Niềm vui đơn sơ đến từ việc trân trọng những gì đang có. (Thông điệp ngày 176),Con là tác giả vẽ nên từng cảnh quay cuộc đời. Hãy áp dụng sự tỉnh thức này vào ngày hôm nay.,Tự do thay đổi màu sắc và thời tiết trong thế giới game.
177,Hãy mở lòng đón nhận những điều bất ngờ dễ thương của cuộc sống. (Thông điệp ngày 177),Một hành động tử tế nhỏ làm ấm cả thế giới. Hãy áp dụng sự tỉnh thức này vào ngày hôm nay.,Tặng quà cho người nghèo làm tăng điểm hào quang uy tín.
178,"Con không một mình, vũ trụ luôn đồng hành cùng con. (Thông điệp ngày 178)",Thân xác đổi thay nhưng linh hồn sống mãi. Hãy áp dụng sự tỉnh thức này vào ngày hôm nay.,Tái sinh ngay tại điểm ngã gục mà không mất hành trang.
179,Hãy sống chậm lại để cảm nhận sự kỳ diệu quanh con. (Thông điệp ngày 179),Chấp nhận những gì đang là để chuyển hóa nó. Hãy áp dụng sự tỉnh thức này vào ngày hôm nay.,Đón nhận thử thách giúp nhân vật hồi phục thể lực tức thì.
180,Sức mạnh của con nằm ở sự lựa chọn cách ứng xử hôm nay. (Thông điệp ngày 180),Nụ cười xua tan mọi mỏi mệt và sương mù. Hãy áp dụng sự tỉnh thức này vào ngày hôm nay.,Bấm biểu cảm 'Cười' để giải trừ trạng thái u ủ cho cả đội.
181,Hãy nhớ rằng con luôn được nâng đỡ trong từng bước đi. (Thông điệp ngày 181),Nhận biết trọn vẹn từng suy nghĩ và hành động. Hãy áp dụng sự tỉnh thức này vào ngày hôm nay.,Kích hoạt trạng thái Quan Sát giúp phát hiện bẫy và bí mật.
182,"Sự bình an thật sự không đến từ bên ngoài, nó bắt đầu từ bên trong. (Thông điệp ngày 182)",Lời nói ra là mệnh lệnh gửi vào vũ trụ. Hãy áp dụng sự tỉnh thức này vào ngày hôm nay.,Lời tuyên bố tích cực gia tăng sức mạnh tấn công và phòng thủ.
183,"Đừng lo lắng về tương lai, hãy làm tốt việc của khoảnh khắc này. (Thông điệp ngày 183)",Biết ơn mở ra cánh cửa của sự đủ đầy. Hãy áp dụng sự tỉnh thức này vào ngày hôm nay.,Bấm nút 'Biết ơn' để nhận lượng tài nguyên ngẫu nhiên mỗi ngày.
184,Con là một biểu hiện tuyệt đẹp và độc bản của sự sống. (Thông điệp ngày 184),Tiếng nói nhỏ nhẹ bên trong luôn chỉ đúng hướng. Hãy áp dụng sự tỉnh thức này vào ngày hôm nay.,Bật La bàn Trực giác để hiển thị đường ngắn nhất tới mục tiêu.
185,Mọi rào cản chỉ là cơ hội để con rèn luyện sức mạnh nội tâm. (Thông điệp ngày 185),Ngừng dán nhãn đúng sai để tâm trí bình an. Hãy áp dụng sự tỉnh thức này vào ngày hôm nay.,Tắt phán xét giúp vô hiệu hóa các chiêu thức khiêu khích của kẻ địch.
186,Hãy đối xử nhẹ nhàng với bản thân khi gặp khó khăn. (Thông điệp ngày 186),Con là tác giả vẽ nên từng cảnh quay cuộc đời. Hãy áp dụng sự tỉnh thức này vào ngày hôm nay.,Tự do thay đổi màu sắc và thời tiết trong thế giới game.
187,Không có lỗi lầm nào không thể chuyển hóa thành bài học. (Thông điệp ngày 187),Một hành động tử tế nhỏ làm ấm cả thế giới. Hãy áp dụng sự tỉnh thức này vào ngày hôm nay.,Tặng quà cho người nghèo làm tăng điểm hào quang uy tín.
188,Hãy để tình yêu dẫn dắt mọi lời nói và việc làm hôm nay. (Thông điệp ngày 188),Thân xác đổi thay nhưng linh hồn sống mãi. Hãy áp dụng sự tỉnh thức này vào ngày hôm nay.,Tái sinh ngay tại điểm ngã gục mà không mất hành trang.
189,"Cuộc đời là một món quà, hãy mở nó ra với sự háo hức. (Thông điệp ngày 189)",Chấp nhận những gì đang là để chuyển hóa nó. Hãy áp dụng sự tỉnh thức này vào ngày hôm nay.,Đón nhận thử thách giúp nhân vật hồi phục thể lực tức thì.
190,"Hãy tin vào hành trình của riêng con, đừng so sánh với ai. (Thông điệp ngày 190)",Nụ cười xua tan mọi mỏi mệt và sương mù. Hãy áp dụng sự tỉnh thức này vào ngày hôm nay.,Bấm biểu cảm 'Cười' để giải trừ trạng thái u ủ cho cả đội.
191,Sự tĩnh lặng giúp con kết nối lại với sức mạnh sâu thẳm. (Thông điệp ngày 191),Nhận biết trọn vẹn từng suy nghĩ và hành động. Hãy áp dụng sự tỉnh thức này vào ngày hôm nay.,Kích hoạt trạng thái Quan Sát giúp phát hiện bẫy và bí mật.
192,Mọi câu trả lời con cần đều đã có sẵn trong tim con. (Thông điệp ngày 192),Lời nói ra là mệnh lệnh gửi vào vũ trụ. Hãy áp dụng sự tỉnh thức này vào ngày hôm nay.,Lời tuyên bố tích cực gia tăng sức mạnh tấn công và phòng thủ.
193,Hãy dũng cảm sống là chính mình mà không cần xin lỗi ai. (Thông điệp ngày 193),Biết ơn mở ra cánh cửa của sự đủ đầy. Hãy áp dụng sự tỉnh thức này vào ngày hôm nay.,Bấm nút 'Biết ơn' để nhận lượng tài nguyên ngẫu nhiên mỗi ngày.
194,Mỗi ngày là một cơ hội để con bắt đầu lại từ đầu. (Thông điệp ngày 194),Tiếng nói nhỏ nhẹ bên trong luôn chỉ đúng hướng. Hãy áp dụng sự tỉnh thức này vào ngày hôm nay.,Bật La bàn Trực giác để hiển thị đường ngắn nhất tới mục tiêu.
195,Hãy tha thứ và giải phóng cho quá khứ lùi vào quên lãng. (Thông điệp ngày 195),Ngừng dán nhãn đúng sai để tâm trí bình an. Hãy áp dụng sự tỉnh thức này vào ngày hôm nay.,Tắt phán xét giúp vô hiệu hóa các chiêu thức khiêu khích của kẻ địch.
196,Niềm vui đơn sơ đến từ việc trân trọng những gì đang có. (Thông điệp ngày 196),Con là tác giả vẽ nên từng cảnh quay cuộc đời. Hãy áp dụng sự tỉnh thức này vào ngày hôm nay.,Tự do thay đổi màu sắc và thời tiết trong thế giới game.
197,Hãy mở lòng đón nhận những điều bất ngờ dễ thương của cuộc sống. (Thông điệp ngày 197),Một hành động tử tế nhỏ làm ấm cả thế giới. Hãy áp dụng sự tỉnh thức này vào ngày hôm nay.,Tặng quà cho người nghèo làm tăng điểm hào quang uy tín.
198,"Con không một mình, vũ trụ luôn đồng hành cùng con. (Thông điệp ngày 198)",Thân xác đổi thay nhưng linh hồn sống mãi. Hãy áp dụng sự tỉnh thức này vào ngày hôm nay.,Tái sinh ngay tại điểm ngã gục mà không mất hành trang.
199,Hãy sống chậm lại để cảm nhận sự kỳ diệu quanh con. (Thông điệp ngày 199),Chấp nhận những gì đang là để chuyển hóa nó. Hãy áp dụng sự tỉnh thức này vào ngày hôm nay.,Đón nhận thử thách giúp nhân vật hồi phục thể lực tức thì.
200,Sức mạnh của con nằm ở sự lựa chọn cách ứng xử hôm nay. (Thông điệp ngày 200),Nụ cười xua tan mọi mỏi mệt và sương mù. Hãy áp dụng sự tỉnh thức này vào ngày hôm nay.,Bấm biểu cảm 'Cười' để giải trừ trạng thái u ủ cho cả đội.
201,Hãy nhớ rằng con luôn được nâng đỡ trong từng bước đi. (Thông điệp ngày 201),Nhận biết trọn vẹn từng suy nghĩ và hành động. Hãy áp dụng sự tỉnh thức này vào ngày hôm nay.,Kích hoạt trạng thái Quan Sát giúp phát hiện bẫy và bí mật.
202,"Sự bình an thật sự không đến từ bên ngoài, nó bắt đầu từ bên trong. (Thông điệp ngày 202)",Lời nói ra là mệnh lệnh gửi vào vũ trụ. Hãy áp dụng sự tỉnh thức này vào ngày hôm nay.,Lời tuyên bố tích cực gia tăng sức mạnh tấn công và phòng thủ.
203,"Đừng lo lắng về tương lai, hãy làm tốt việc của khoảnh khắc này. (Thông điệp ngày 203)",Biết ơn mở ra cánh cửa của sự đủ đầy. Hãy áp dụng sự tỉnh thức này vào ngày hôm nay.,Bấm nút 'Biết ơn' để nhận lượng tài nguyên ngẫu nhiên mỗi ngày.
204,Con là một biểu hiện tuyệt đẹp và độc bản của sự sống. (Thông điệp ngày 204),Tiếng nói nhỏ nhẹ bên trong luôn chỉ đúng hướng. Hãy áp dụng sự tỉnh thức này vào ngày hôm nay.,Bật La bàn Trực giác để hiển thị đường ngắn nhất tới mục tiêu.
205,Mọi rào cản chỉ là cơ hội để con rèn luyện sức mạnh nội tâm. (Thông điệp ngày 205),Ngừng dán nhãn đúng sai để tâm trí bình an. Hãy áp dụng sự tỉnh thức này vào ngày hôm nay.,Tắt phán xét giúp vô hiệu hóa các chiêu thức khiêu khích của kẻ địch.
206,Hãy đối xử nhẹ nhàng với bản thân khi gặp khó khăn. (Thông điệp ngày 206),Con là tác giả vẽ nên từng cảnh quay cuộc đời. Hãy áp dụng sự tỉnh thức này vào ngày hôm nay.,Tự do thay đổi màu sắc và thời tiết trong thế giới game.
207,Không có lỗi lầm nào không thể chuyển hóa thành bài học. (Thông điệp ngày 207),Một hành động tử tế nhỏ làm ấm cả thế giới. Hãy áp dụng sự tỉnh thức này vào ngày hôm nay.,Tặng quà cho người nghèo làm tăng điểm hào quang uy tín.
208,Hãy để tình yêu dẫn dắt mọi lời nói và việc làm hôm nay. (Thông điệp ngày 208),Thân xác đổi thay nhưng linh hồn sống mãi. Hãy áp dụng sự tỉnh thức này vào ngày hôm nay.,Tái sinh ngay tại điểm ngã gục mà không mất hành trang.
209,"Cuộc đời là một món quà, hãy mở nó ra với sự háo hức. (Thông điệp ngày 209)",Chấp nhận những gì đang là để chuyển hóa nó. Hãy áp dụng sự tỉnh thức này vào ngày hôm nay.,Đón nhận thử thách giúp nhân vật hồi phục thể lực tức thì.
210,"Hãy tin vào hành trình của riêng con, đừng so sánh với ai. (Thông điệp ngày 210)",Nụ cười xua tan mọi mỏi mệt và sương mù. Hãy áp dụng sự tỉnh thức này vào ngày hôm nay.,Bấm biểu cảm 'Cười' để giải trừ trạng thái u ủ cho cả đội.
211,Sự tĩnh lặng giúp con kết nối lại với sức mạnh sâu thẳm. (Thông điệp ngày 211),Nhận biết trọn vẹn từng suy nghĩ và hành động. Hãy áp dụng sự tỉnh thức này vào ngày hôm nay.,Kích hoạt trạng thái Quan Sát giúp phát hiện bẫy và bí mật.
212,Mọi câu trả lời con cần đều đã có sẵn trong tim con. (Thông điệp ngày 212),Lời nói ra là mệnh lệnh gửi vào vũ trụ. Hãy áp dụng sự tỉnh thức này vào ngày hôm nay.,Lời tuyên bố tích cực gia tăng sức mạnh tấn công và phòng thủ.
213,Hãy dũng cảm sống là chính mình mà không cần xin lỗi ai. (Thông điệp ngày 213),Biết ơn mở ra cánh cửa của sự đủ đầy. Hãy áp dụng sự tỉnh thức này vào ngày hôm nay.,Bấm nút 'Biết ơn' để nhận lượng tài nguyên ngẫu nhiên mỗi ngày.
214,Mỗi ngày là một cơ hội để con bắt đầu lại từ đầu. (Thông điệp ngày 214),Tiếng nói nhỏ nhẹ bên trong luôn chỉ đúng hướng. Hãy áp dụng sự tỉnh thức này vào ngày hôm nay.,Bật La bàn Trực giác để hiển thị đường ngắn nhất tới mục tiêu.
215,Hãy tha thứ và giải phóng cho quá khứ lùi vào quên lãng. (Thông điệp ngày 215),Ngừng dán nhãn đúng sai để tâm trí bình an. Hãy áp dụng sự tỉnh thức này vào ngày hôm nay.,Tắt phán xét giúp vô hiệu hóa các chiêu thức khiêu khích của kẻ địch.
216,Niềm vui đơn sơ đến từ việc trân trọng những gì đang có. (Thông điệp ngày 216),Con là tác giả vẽ nên từng cảnh quay cuộc đời. Hãy áp dụng sự tỉnh thức này vào ngày hôm nay.,Tự do thay đổi màu sắc và thời tiết trong thế giới game.
217,Hãy mở lòng đón nhận những điều bất ngờ dễ thương của cuộc sống. (Thông điệp ngày 217),Một hành động tử tế nhỏ làm ấm cả thế giới. Hãy áp dụng sự tỉnh thức này vào ngày hôm nay.,Tặng quà cho người nghèo làm tăng điểm hào quang uy tín.
218,"Con không một mình, vũ trụ luôn đồng hành cùng con. (Thông điệp ngày 218)",Thân xác đổi thay nhưng linh hồn sống mãi. Hãy áp dụng sự tỉnh thức này vào ngày hôm nay.,Tái sinh ngay tại điểm ngã gục mà không mất hành trang.
219,Hãy sống chậm lại để cảm nhận sự kỳ diệu quanh con. (Thông điệp ngày 219),Chấp nhận những gì đang là để chuyển hóa nó. Hãy áp dụng sự tỉnh thức này vào ngày hôm nay.,Đón nhận thử thách giúp nhân vật hồi phục thể lực tức thì.
220,Sức mạnh của con nằm ở sự lựa chọn cách ứng xử hôm nay. (Thông điệp ngày 220),Nụ cười xua tan mọi mỏi mệt và sương mù. Hãy áp dụng sự tỉnh thức này vào ngày hôm nay.,Bấm biểu cảm 'Cười' để giải trừ trạng thái u ủ cho cả đội.
221,Hãy nhớ rằng con luôn được nâng đỡ trong từng bước đi. (Thông điệp ngày 221),Nhận biết trọn vẹn từng suy nghĩ và hành động. Hãy áp dụng sự tỉnh thức này vào ngày hôm nay.,Kích hoạt trạng thái Quan Sát giúp phát hiện bẫy và bí mật.
222,"Sự bình an thật sự không đến từ bên ngoài, nó bắt đầu từ bên trong. (Thông điệp ngày 222)",Lời nói ra là mệnh lệnh gửi vào vũ trụ. Hãy áp dụng sự tỉnh thức này vào ngày hôm nay.,Lời tuyên bố tích cực gia tăng sức mạnh tấn công và phòng thủ.
223,"Đừng lo lắng về tương lai, hãy làm tốt việc của khoảnh khắc này. (Thông điệp ngày 223)",Biết ơn mở ra cánh cửa của sự đủ đầy. Hãy áp dụng sự tỉnh thức này vào ngày hôm nay.,Bấm nút 'Biết ơn' để nhận lượng tài nguyên ngẫu nhiên mỗi ngày.
224,Con là một biểu hiện tuyệt đẹp và độc bản của sự sống. (Thông điệp ngày 224),Tiếng nói nhỏ nhẹ bên trong luôn chỉ đúng hướng. Hãy áp dụng sự tỉnh thức này vào ngày hôm nay.,Bật La bàn Trực giác để hiển thị đường ngắn nhất tới mục tiêu.
225,Mọi rào cản chỉ là cơ hội để con rèn luyện sức mạnh nội tâm. (Thông điệp ngày 225),Ngừng dán nhãn đúng sai để tâm trí bình an. Hãy áp dụng sự tỉnh thức này vào ngày hôm nay.,Tắt phán xét giúp vô hiệu hóa các chiêu thức khiêu khích của kẻ địch.
226,Hãy đối xử nhẹ nhàng với bản thân khi gặp khó khăn. (Thông điệp ngày 226),Con là tác giả vẽ nên từng cảnh quay cuộc đời. Hãy áp dụng sự tỉnh thức này vào ngày hôm nay.,Tự do thay đổi màu sắc và thời tiết trong thế giới game.
227,Không có lỗi lầm nào không thể chuyển hóa thành bài học. (Thông điệp ngày 227),Một hành động tử tế nhỏ làm ấm cả thế giới. Hãy áp dụng sự tỉnh thức này vào ngày hôm nay.,Tặng quà cho người nghèo làm tăng điểm hào quang uy tín.
228,Hãy để tình yêu dẫn dắt mọi lời nói và việc làm hôm nay. (Thông điệp ngày 228),Thân xác đổi thay nhưng linh hồn sống mãi. Hãy áp dụng sự tỉnh thức này vào ngày hôm nay.,Tái sinh ngay tại điểm ngã gục mà không mất hành trang.
229,"Cuộc đời là một món quà, hãy mở nó ra với sự háo hức. (Thông điệp ngày 229)",Chấp nhận những gì đang là để chuyển hóa nó. Hãy áp dụng sự tỉnh thức này vào ngày hôm nay.,Đón nhận thử thách giúp nhân vật hồi phục thể lực tức thì.
230,"Hãy tin vào hành trình của riêng con, đừng so sánh với ai. (Thông điệp ngày 230)",Nụ cười xua tan mọi mỏi mệt và sương mù. Hãy áp dụng sự tỉnh thức này vào ngày hôm nay.,Bấm biểu cảm 'Cười' để giải trừ trạng thái u ủ cho cả đội.
231,Sự tĩnh lặng giúp con kết nối lại với sức mạnh sâu thẳm. (Thông điệp ngày 231),Nhận biết trọn vẹn từng suy nghĩ và hành động. Hãy áp dụng sự tỉnh thức này vào ngày hôm nay.,Kích hoạt trạng thái Quan Sát giúp phát hiện bẫy và bí mật.
232,Mọi câu trả lời con cần đều đã có sẵn trong tim con. (Thông điệp ngày 232),Lời nói ra là mệnh lệnh gửi vào vũ trụ. Hãy áp dụng sự tỉnh thức này vào ngày hôm nay.,Lời tuyên bố tích cực gia tăng sức mạnh tấn công và phòng thủ.
233,Hãy dũng cảm sống là chính mình mà không cần xin lỗi ai. (Thông điệp ngày 233),Biết ơn mở ra cánh cửa của sự đủ đầy. Hãy áp dụng sự tỉnh thức này vào ngày hôm nay.,Bấm nút 'Biết ơn' để nhận lượng tài nguyên ngẫu nhiên mỗi ngày.
234,Mỗi ngày là một cơ hội để con bắt đầu lại từ đầu. (Thông điệp ngày 234),Tiếng nói nhỏ nhẹ bên trong luôn chỉ đúng hướng. Hãy áp dụng sự tỉnh thức này vào ngày hôm nay.,Bật La bàn Trực giác để hiển thị đường ngắn nhất tới mục tiêu.
235,Hãy tha thứ và giải phóng cho quá khứ lùi vào quên lãng. (Thông điệp ngày 235),Ngừng dán nhãn đúng sai để tâm trí bình an. Hãy áp dụng sự tỉnh thức này vào ngày hôm nay.,Tắt phán xét giúp vô hiệu hóa các chiêu thức khiêu khích của kẻ địch.
236,Niềm vui đơn sơ đến từ việc trân trọng những gì đang có. (Thông điệp ngày 236),Con là tác giả vẽ nên từng cảnh quay cuộc đời. Hãy áp dụng sự tỉnh thức này vào ngày hôm nay.,Tự do thay đổi màu sắc và thời tiết trong thế giới game.
237,Hãy mở lòng đón nhận những điều bất ngờ dễ thương của cuộc sống. (Thông điệp ngày 237),Một hành động tử tế nhỏ làm ấm cả thế giới. Hãy áp dụng sự tỉnh thức này vào ngày hôm nay.,Tặng quà cho người nghèo làm tăng điểm hào quang uy tín.
238,"Con không một mình, vũ trụ luôn đồng hành cùng con. (Thông điệp ngày 238)",Thân xác đổi thay nhưng linh hồn sống mãi. Hãy áp dụng sự tỉnh thức này vào ngày hôm nay.,Tái sinh ngay tại điểm ngã gục mà không mất hành trang.
239,Hãy sống chậm lại để cảm nhận sự kỳ diệu quanh con. (Thông điệp ngày 239),Chấp nhận những gì đang là để chuyển hóa nó. Hãy áp dụng sự tỉnh thức này vào ngày hôm nay.,Đón nhận thử thách giúp nhân vật hồi phục thể lực tức thì.
240,Sức mạnh của con nằm ở sự lựa chọn cách ứng xử hôm nay. (Thông điệp ngày 240),Nụ cười xua tan mọi mỏi mệt và sương mù. Hãy áp dụng sự tỉnh thức này vào ngày hôm nay.,Bấm biểu cảm 'Cười' để giải trừ trạng thái u ủ cho cả đội.
241,Hãy nhớ rằng con luôn được nâng đỡ trong từng bước đi. (Thông điệp ngày 241),Nhận biết trọn vẹn từng suy nghĩ và hành động. Hãy áp dụng sự tỉnh thức này vào ngày hôm nay.,Kích hoạt trạng thái Quan Sát giúp phát hiện bẫy và bí mật.
242,"Sự bình an thật sự không đến từ bên ngoài, nó bắt đầu từ bên trong. (Thông điệp ngày 242)",Lời nói ra là mệnh lệnh gửi vào vũ trụ. Hãy áp dụng sự tỉnh thức này vào ngày hôm nay.,Lời tuyên bố tích cực gia tăng sức mạnh tấn công và phòng thủ.
243,"Đừng lo lắng về tương lai, hãy làm tốt việc của khoảnh khắc này. (Thông điệp ngày 243)",Biết ơn mở ra cánh cửa của sự đủ đầy. Hãy áp dụng sự tỉnh thức này vào ngày hôm nay.,Bấm nút 'Biết ơn' để nhận lượng tài nguyên ngẫu nhiên mỗi ngày.
244,Con là một biểu hiện tuyệt đẹp và độc bản của sự sống. (Thông điệp ngày 244),Tiếng nói nhỏ nhẹ bên trong luôn chỉ đúng hướng. Hãy áp dụng sự tỉnh thức này vào ngày hôm nay.,Bật La bàn Trực giác để hiển thị đường ngắn nhất tới mục tiêu.
245,Mọi rào cản chỉ là cơ hội để con rèn luyện sức mạnh nội tâm. (Thông điệp ngày 245),Ngừng dán nhãn đúng sai để tâm trí bình an. Hãy áp dụng sự tỉnh thức này vào ngày hôm nay.,Tắt phán xét giúp vô hiệu hóa các chiêu thức khiêu khích của kẻ địch.
246,Hãy đối xử nhẹ nhàng với bản thân khi gặp khó khăn. (Thông điệp ngày 246),Con là tác giả vẽ nên từng cảnh quay cuộc đời. Hãy áp dụng sự tỉnh thức này vào ngày hôm nay.,Tự do thay đổi màu sắc và thời tiết trong thế giới game.
247,Không có lỗi lầm nào không thể chuyển hóa thành bài học. (Thông điệp ngày 247),Một hành động tử tế nhỏ làm ấm cả thế giới. Hãy áp dụng sự tỉnh thức này vào ngày hôm nay.,Tặng quà cho người nghèo làm tăng điểm hào quang uy tín.
248,Hãy để tình yêu dẫn dắt mọi lời nói và việc làm hôm nay. (Thông điệp ngày 248),Thân xác đổi thay nhưng linh hồn sống mãi. Hãy áp dụng sự tỉnh thức này vào ngày hôm nay.,Tái sinh ngay tại điểm ngã gục mà không mất hành trang.
249,"Cuộc đời là một món quà, hãy mở nó ra với sự háo hức. (Thông điệp ngày 249)",Chấp nhận những gì đang là để chuyển hóa nó. Hãy áp dụng sự tỉnh thức này vào ngày hôm nay.,Đón nhận thử thách giúp nhân vật hồi phục thể lực tức thì.
250,"Hãy tin vào hành trình của riêng con, đừng so sánh với ai. (Thông điệp ngày 250)",Nụ cười xua tan mọi mỏi mệt và sương mù. Hãy áp dụng sự tỉnh thức này vào ngày hôm nay.,Bấm biểu cảm 'Cười' để giải trừ trạng thái u ủ cho cả đội.
251,Sự tĩnh lặng giúp con kết nối lại với sức mạnh sâu thẳm. (Thông điệp ngày 251),Nhận biết trọn vẹn từng suy nghĩ và hành động. Hãy áp dụng sự tỉnh thức này vào ngày hôm nay.,Kích hoạt trạng thái Quan Sát giúp phát hiện bẫy và bí mật.
252,Mọi câu trả lời con cần đều đã có sẵn trong tim con. (Thông điệp ngày 252),Lời nói ra là mệnh lệnh gửi vào vũ trụ. Hãy áp dụng sự tỉnh thức này vào ngày hôm nay.,Lời tuyên bố tích cực gia tăng sức mạnh tấn công và phòng thủ.
253,Hãy dũng cảm sống là chính mình mà không cần xin lỗi ai. (Thông điệp ngày 253),Biết ơn mở ra cánh cửa của sự đủ đầy. Hãy áp dụng sự tỉnh thức này vào ngày hôm nay.,Bấm nút 'Biết ơn' để nhận lượng tài nguyên ngẫu nhiên mỗi ngày.
254,Mỗi ngày là một cơ hội để con bắt đầu lại từ đầu. (Thông điệp ngày 254),Tiếng nói nhỏ nhẹ bên trong luôn chỉ đúng hướng. Hãy áp dụng sự tỉnh thức này vào ngày hôm nay.,Bật La bàn Trực giác để hiển thị đường ngắn nhất tới mục tiêu.
255,Hãy tha thứ và giải phóng cho quá khứ lùi vào quên lãng. (Thông điệp ngày 255),Ngừng dán nhãn đúng sai để tâm trí bình an. Hãy áp dụng sự tỉnh thức này vào ngày hôm nay.,Tắt phán xét giúp vô hiệu hóa các chiêu thức khiêu khích của kẻ địch.
256,Niềm vui đơn sơ đến từ việc trân trọng những gì đang có. (Thông điệp ngày 256),Con là tác giả vẽ nên từng cảnh quay cuộc đời. Hãy áp dụng sự tỉnh thức này vào ngày hôm nay.,Tự do thay đổi màu sắc và thời tiết trong thế giới game.
257,Hãy mở lòng đón nhận những điều bất ngờ dễ thương của cuộc sống. (Thông điệp ngày 257),Một hành động tử tế nhỏ làm ấm cả thế giới. Hãy áp dụng sự tỉnh thức này vào ngày hôm nay.,Tặng quà cho người nghèo làm tăng điểm hào quang uy tín.
258,"Con không một mình, vũ trụ luôn đồng hành cùng con. (Thông điệp ngày 258)",Thân xác đổi thay nhưng linh hồn sống mãi. Hãy áp dụng sự tỉnh thức này vào ngày hôm nay.,Tái sinh ngay tại điểm ngã gục mà không mất hành trang.
259,Hãy sống chậm lại để cảm nhận sự kỳ diệu quanh con. (Thông điệp ngày 259),Chấp nhận những gì đang là để chuyển hóa nó. Hãy áp dụng sự tỉnh thức này vào ngày hôm nay.,Đón nhận thử thách giúp nhân vật hồi phục thể lực tức thì.
260,Sức mạnh của con nằm ở sự lựa chọn cách ứng xử hôm nay. (Thông điệp ngày 260),Nụ cười xua tan mọi mỏi mệt và sương mù. Hãy áp dụng sự tỉnh thức này vào ngày hôm nay.,Bấm biểu cảm 'Cười' để giải trừ trạng thái u ủ cho cả đội.
261,Hãy nhớ rằng con luôn được nâng đỡ trong từng bước đi. (Thông điệp ngày 261),Nhận biết trọn vẹn từng suy nghĩ và hành động. Hãy áp dụng sự tỉnh thức này vào ngày hôm nay.,Kích hoạt trạng thái Quan Sát giúp phát hiện bẫy và bí mật.
262,"Sự bình an thật sự không đến từ bên ngoài, nó bắt đầu từ bên trong. (Thông điệp ngày 262)",Lời nói ra là mệnh lệnh gửi vào vũ trụ. Hãy áp dụng sự tỉnh thức này vào ngày hôm nay.,Lời tuyên bố tích cực gia tăng sức mạnh tấn công và phòng thủ.
263,"Đừng lo lắng về tương lai, hãy làm tốt việc của khoảnh khắc này. (Thông điệp ngày 263)",Biết ơn mở ra cánh cửa của sự đủ đầy. Hãy áp dụng sự tỉnh thức này vào ngày hôm nay.,Bấm nút 'Biết ơn' để nhận lượng tài nguyên ngẫu nhiên mỗi ngày.
264,Con là một biểu hiện tuyệt đẹp và độc bản của sự sống. (Thông điệp ngày 264),Tiếng nói nhỏ nhẹ bên trong luôn chỉ đúng hướng. Hãy áp dụng sự tỉnh thức này vào ngày hôm nay.,Bật La bàn Trực giác để hiển thị đường ngắn nhất tới mục tiêu.
265,Mọi rào cản chỉ là cơ hội để con rèn luyện sức mạnh nội tâm. (Thông điệp ngày 265),Ngừng dán nhãn đúng sai để tâm trí bình an. Hãy áp dụng sự tỉnh thức này vào ngày hôm nay.,Tắt phán xét giúp vô hiệu hóa các chiêu thức khiêu khích của kẻ địch.
266,Hãy đối xử nhẹ nhàng với bản thân khi gặp khó khăn. (Thông điệp ngày 266),Con là tác giả vẽ nên từng cảnh quay cuộc đời. Hãy áp dụng sự tỉnh thức này vào ngày hôm nay.,Tự do thay đổi màu sắc và thời tiết trong thế giới game.
267,Không có lỗi lầm nào không thể chuyển hóa thành bài học. (Thông điệp ngày 267),Một hành động tử tế nhỏ làm ấm cả thế giới. Hãy áp dụng sự tỉnh thức này vào ngày hôm nay.,Tặng quà cho người nghèo làm tăng điểm hào quang uy tín.
268,Hãy để tình yêu dẫn dắt mọi lời nói và việc làm hôm nay. (Thông điệp ngày 268),Thân xác đổi thay nhưng linh hồn sống mãi. Hãy áp dụng sự tỉnh thức này vào ngày hôm nay.,Tái sinh ngay tại điểm ngã gục mà không mất hành trang.
269,"Cuộc đời là một món quà, hãy mở nó ra với sự háo hức. (Thông điệp ngày 269)",Chấp nhận những gì đang là để chuyển hóa nó. Hãy áp dụng sự tỉnh thức này vào ngày hôm nay.,Đón nhận thử thách giúp nhân vật hồi phục thể lực tức thì.
270,"Hãy tin vào hành trình của riêng con, đừng so sánh với ai. (Thông điệp ngày 270)",Nụ cười xua tan mọi mỏi mệt và sương mù. Hãy áp dụng sự tỉnh thức này vào ngày hôm nay.,Bấm biểu cảm 'Cười' để giải trừ trạng thái u ủ cho cả đội.
271,Sự tĩnh lặng giúp con kết nối lại với sức mạnh sâu thẳm. (Thông điệp ngày 271),Nhận biết trọn vẹn từng suy nghĩ và hành động. Hãy áp dụng sự tỉnh thức này vào ngày hôm nay.,Kích hoạt trạng thái Quan Sát giúp phát hiện bẫy và bí mật.
272,Mọi câu trả lời con cần đều đã có sẵn trong tim con. (Thông điệp ngày 272),Lời nói ra là mệnh lệnh gửi vào vũ trụ. Hãy áp dụng sự tỉnh thức này vào ngày hôm nay.,Lời tuyên bố tích cực gia tăng sức mạnh tấn công và phòng thủ.
273,Hãy dũng cảm sống là chính mình mà không cần xin lỗi ai. (Thông điệp ngày 273),Biết ơn mở ra cánh cửa của sự đủ đầy. Hãy áp dụng sự tỉnh thức này vào ngày hôm nay.,Bấm nút 'Biết ơn' để nhận lượng tài nguyên ngẫu nhiên mỗi ngày.
274,Mỗi ngày là một cơ hội để con bắt đầu lại từ đầu. (Thông điệp ngày 274),Tiếng nói nhỏ nhẹ bên trong luôn chỉ đúng hướng. Hãy áp dụng sự tỉnh thức này vào ngày hôm nay.,Bật La bàn Trực giác để hiển thị đường ngắn nhất tới mục tiêu.
275,Hãy tha thứ và giải phóng cho quá khứ lùi vào quên lãng. (Thông điệp ngày 275),Ngừng dán nhãn đúng sai để tâm trí bình an. Hãy áp dụng sự tỉnh thức này vào ngày hôm nay.,Tắt phán xét giúp vô hiệu hóa các chiêu thức khiêu khích của kẻ địch.
276,Niềm vui đơn sơ đến từ việc trân trọng những gì đang có. (Thông điệp ngày 276),Con là tác giả vẽ nên từng cảnh quay cuộc đời. Hãy áp dụng sự tỉnh thức này vào ngày hôm nay.,Tự do thay đổi màu sắc và thời tiết trong thế giới game.
277,Hãy mở lòng đón nhận những điều bất ngờ dễ thương của cuộc sống. (Thông điệp ngày 277),Một hành động tử tế nhỏ làm ấm cả thế giới. Hãy áp dụng sự tỉnh thức này vào ngày hôm nay.,Tặng quà cho người nghèo làm tăng điểm hào quang uy tín.
278,"Con không một mình, vũ trụ luôn đồng hành cùng con. (Thông điệp ngày 278)",Thân xác đổi thay nhưng linh hồn sống mãi. Hãy áp dụng sự tỉnh thức này vào ngày hôm nay.,Tái sinh ngay tại điểm ngã gục mà không mất hành trang.
279,Hãy sống chậm lại để cảm nhận sự kỳ diệu quanh con. (Thông điệp ngày 279),Chấp nhận những gì đang là để chuyển hóa nó. Hãy áp dụng sự tỉnh thức này vào ngày hôm nay.,Đón nhận thử thách giúp nhân vật hồi phục thể lực tức thì.
280,Sức mạnh của con nằm ở sự lựa chọn cách ứng xử hôm nay. (Thông điệp ngày 280),Nụ cười xua tan mọi mỏi mệt và sương mù. Hãy áp dụng sự tỉnh thức này vào ngày hôm nay.,Bấm biểu cảm 'Cười' để giải trừ trạng thái u ủ cho cả đội.
281,Hãy nhớ rằng con luôn được nâng đỡ trong từng bước đi. (Thông điệp ngày 281),Nhận biết trọn vẹn từng suy nghĩ và hành động. Hãy áp dụng sự tỉnh thức này vào ngày hôm nay.,Kích hoạt trạng thái Quan Sát giúp phát hiện bẫy và bí mật.
282,"Sự bình an thật sự không đến từ bên ngoài, nó bắt đầu từ bên trong. (Thông điệp ngày 282)",Lời nói ra là mệnh lệnh gửi vào vũ trụ. Hãy áp dụng sự tỉnh thức này vào ngày hôm nay.,Lời tuyên bố tích cực gia tăng sức mạnh tấn công và phòng thủ.
283,"Đừng lo lắng về tương lai, hãy làm tốt việc của khoảnh khắc này. (Thông điệp ngày 283)",Biết ơn mở ra cánh cửa của sự đủ đầy. Hãy áp dụng sự tỉnh thức này vào ngày hôm nay.,Bấm nút 'Biết ơn' để nhận lượng tài nguyên ngẫu nhiên mỗi ngày.
284,Con là một biểu hiện tuyệt đẹp và độc bản của sự sống. (Thông điệp ngày 284),Tiếng nói nhỏ nhẹ bên trong luôn chỉ đúng hướng. Hãy áp dụng sự tỉnh thức này vào ngày hôm nay.,Bật La bàn Trực giác để hiển thị đường ngắn nhất tới mục tiêu.
285,Mọi rào cản chỉ là cơ hội để con rèn luyện sức mạnh nội tâm. (Thông điệp ngày 285),Ngừng dán nhãn đúng sai để tâm trí bình an. Hãy áp dụng sự tỉnh thức này vào ngày hôm nay.,Tắt phán xét giúp vô hiệu hóa các chiêu thức khiêu khích của kẻ địch.
286,Hãy đối xử nhẹ nhàng với bản thân khi gặp khó khăn. (Thông điệp ngày 286),Con là tác giả vẽ nên từng cảnh quay cuộc đời. Hãy áp dụng sự tỉnh thức này vào ngày hôm nay.,Tự do thay đổi màu sắc và thời tiết trong thế giới game.
287,Không có lỗi lầm nào không thể chuyển hóa thành bài học. (Thông điệp ngày 287),Một hành động tử tế nhỏ làm ấm cả thế giới. Hãy áp dụng sự tỉnh thức này vào ngày hôm nay.,Tặng quà cho người nghèo làm tăng điểm hào quang uy tín.
288,Hãy để tình yêu dẫn dắt mọi lời nói và việc làm hôm nay. (Thông điệp ngày 288),Thân xác đổi thay nhưng linh hồn sống mãi. Hãy áp dụng sự tỉnh thức này vào ngày hôm nay.,Tái sinh ngay tại điểm ngã gục mà không mất hành trang.
289,"Cuộc đời là một món quà, hãy mở nó ra với sự háo hức. (Thông điệp ngày 289)",Chấp nhận những gì đang là để chuyển hóa nó. Hãy áp dụng sự tỉnh thức này vào ngày hôm nay.,Đón nhận thử thách giúp nhân vật hồi phục thể lực tức thì.
290,"Hãy tin vào hành trình của riêng con, đừng so sánh với ai. (Thông điệp ngày 290)",Nụ cười xua tan mọi mỏi mệt và sương mù. Hãy áp dụng sự tỉnh thức này vào ngày hôm nay.,Bấm biểu cảm 'Cười' để giải trừ trạng thái u ủ cho cả đội.
291,Sự tĩnh lặng giúp con kết nối lại với sức mạnh sâu thẳm. (Thông điệp ngày 291),Nhận biết trọn vẹn từng suy nghĩ và hành động. Hãy áp dụng sự tỉnh thức này vào ngày hôm nay.,Kích hoạt trạng thái Quan Sát giúp phát hiện bẫy và bí mật.
292,Mọi câu trả lời con cần đều đã có sẵn trong tim con. (Thông điệp ngày 292),Lời nói ra là mệnh lệnh gửi vào vũ trụ. Hãy áp dụng sự tỉnh thức này vào ngày hôm nay.,Lời tuyên bố tích cực gia tăng sức mạnh tấn công và phòng thủ.
293,Hãy dũng cảm sống là chính mình mà không cần xin lỗi ai. (Thông điệp ngày 293),Biết ơn mở ra cánh cửa của sự đủ đầy. Hãy áp dụng sự tỉnh thức này vào ngày hôm nay.,Bấm nút 'Biết ơn' để nhận lượng tài nguyên ngẫu nhiên mỗi ngày.
294,Mỗi ngày là một cơ hội để con bắt đầu lại từ đầu. (Thông điệp ngày 294),Tiếng nói nhỏ nhẹ bên trong luôn chỉ đúng hướng. Hãy áp dụng sự tỉnh thức này vào ngày hôm nay.,Bật La bàn Trực giác để hiển thị đường ngắn nhất tới mục tiêu.
295,Hãy tha thứ và giải phóng cho quá khứ lùi vào quên lãng. (Thông điệp ngày 295),Ngừng dán nhãn đúng sai để tâm trí bình an. Hãy áp dụng sự tỉnh thức này vào ngày hôm nay.,Tắt phán xét giúp vô hiệu hóa các chiêu thức khiêu khích của kẻ địch.
296,Niềm vui đơn sơ đến từ việc trân trọng những gì đang có. (Thông điệp ngày 296),Con là tác giả vẽ nên từng cảnh quay cuộc đời. Hãy áp dụng sự tỉnh thức này vào ngày hôm nay.,Tự do thay đổi màu sắc và thời tiết trong thế giới game.
297,Hãy mở lòng đón nhận những điều bất ngờ dễ thương của cuộc sống. (Thông điệp ngày 297),Một hành động tử tế nhỏ làm ấm cả thế giới. Hãy áp dụng sự tỉnh thức này vào ngày hôm nay.,Tặng quà cho người nghèo làm tăng điểm hào quang uy tín.
298,"Con không một mình, vũ trụ luôn đồng hành cùng con. (Thông điệp ngày 298)",Thân xác đổi thay nhưng linh hồn sống mãi. Hãy áp dụng sự tỉnh thức này vào ngày hôm nay.,Tái sinh ngay tại điểm ngã gục mà không mất hành trang.
299,Hãy sống chậm lại để cảm nhận sự kỳ diệu quanh con. (Thông điệp ngày 299),Chấp nhận những gì đang là để chuyển hóa nó. Hãy áp dụng sự tỉnh thức này vào ngày hôm nay.,Đón nhận thử thách giúp nhân vật hồi phục thể lực tức thì.
300,Sức mạnh của con nằm ở sự lựa chọn cách ứng xử hôm nay. (Thông điệp ngày 300),Nụ cười xua tan mọi mỏi mệt và sương mù. Hãy áp dụng sự tỉnh thức này vào ngày hôm nay.,Bấm biểu cảm 'Cười' để giải trừ trạng thái u ủ cho cả đội.
301,Hãy nhớ rằng con luôn được nâng đỡ trong từng bước đi. (Thông điệp ngày 301),Nhận biết trọn vẹn từng suy nghĩ và hành động. Hãy áp dụng sự tỉnh thức này vào ngày hôm nay.,Kích hoạt trạng thái Quan Sát giúp phát hiện bẫy và bí mật.
302,"Sự bình an thật sự không đến từ bên ngoài, nó bắt đầu từ bên trong. (Thông điệp ngày 302)",Lời nói ra là mệnh lệnh gửi vào vũ trụ. Hãy áp dụng sự tỉnh thức này vào ngày hôm nay.,Lời tuyên bố tích cực gia tăng sức mạnh tấn công và phòng thủ.
303,"Đừng lo lắng về tương lai, hãy làm tốt việc của khoảnh khắc này. (Thông điệp ngày 303)",Biết ơn mở ra cánh cửa của sự đủ đầy. Hãy áp dụng sự tỉnh thức này vào ngày hôm nay.,Bấm nút 'Biết ơn' để nhận lượng tài nguyên ngẫu nhiên mỗi ngày.
304,Con là một biểu hiện tuyệt đẹp và độc bản của sự sống. (Thông điệp ngày 304),Tiếng nói nhỏ nhẹ bên trong luôn chỉ đúng hướng. Hãy áp dụng sự tỉnh thức này vào ngày hôm nay.,Bật La bàn Trực giác để hiển thị đường ngắn nhất tới mục tiêu.
305,Mọi rào cản chỉ là cơ hội để con rèn luyện sức mạnh nội tâm. (Thông điệp ngày 305),Ngừng dán nhãn đúng sai để tâm trí bình an. Hãy áp dụng sự tỉnh thức này vào ngày hôm nay.,Tắt phán xét giúp vô hiệu hóa các chiêu thức khiêu khích của kẻ địch.
306,Hãy đối xử nhẹ nhàng với bản thân khi gặp khó khăn. (Thông điệp ngày 306),Con là tác giả vẽ nên từng cảnh quay cuộc đời. Hãy áp dụng sự tỉnh thức này vào ngày hôm nay.,Tự do thay đổi màu sắc và thời tiết trong thế giới game.
307,Không có lỗi lầm nào không thể chuyển hóa thành bài học. (Thông điệp ngày 307),Một hành động tử tế nhỏ làm ấm cả thế giới. Hãy áp dụng sự tỉnh thức này vào ngày hôm nay.,Tặng quà cho người nghèo làm tăng điểm hào quang uy tín.
308,Hãy để tình yêu dẫn dắt mọi lời nói và việc làm hôm nay. (Thông điệp ngày 308),Thân xác đổi thay nhưng linh hồn sống mãi. Hãy áp dụng sự tỉnh thức này vào ngày hôm nay.,Tái sinh ngay tại điểm ngã gục mà không mất hành trang.
309,"Cuộc đời là một món quà, hãy mở nó ra với sự háo hức. (Thông điệp ngày 309)",Chấp nhận những gì đang là để chuyển hóa nó. Hãy áp dụng sự tỉnh thức này vào ngày hôm nay.,Đón nhận thử thách giúp nhân vật hồi phục thể lực tức thì.
310,"Hãy tin vào hành trình của riêng con, đừng so sánh với ai. (Thông điệp ngày 310)",Nụ cười xua tan mọi mỏi mệt và sương mù. Hãy áp dụng sự tỉnh thức này vào ngày hôm nay.,Bấm biểu cảm 'Cười' để giải trừ trạng thái u ủ cho cả đội.
311,Sự tĩnh lặng giúp con kết nối lại với sức mạnh sâu thẳm. (Thông điệp ngày 311),Nhận biết trọn vẹn từng suy nghĩ và hành động. Hãy áp dụng sự tỉnh thức này vào ngày hôm nay.,Kích hoạt trạng thái Quan Sát giúp phát hiện bẫy và bí mật.
312,Mọi câu trả lời con cần đều đã có sẵn trong tim con. (Thông điệp ngày 312),Lời nói ra là mệnh lệnh gửi vào vũ trụ. Hãy áp dụng sự tỉnh thức này vào ngày hôm nay.,Lời tuyên bố tích cực gia tăng sức mạnh tấn công và phòng thủ.
313,Hãy dũng cảm sống là chính mình mà không cần xin lỗi ai. (Thông điệp ngày 313),Biết ơn mở ra cánh cửa của sự đủ đầy. Hãy áp dụng sự tỉnh thức này vào ngày hôm nay.,Bấm nút 'Biết ơn' để nhận lượng tài nguyên ngẫu nhiên mỗi ngày.
314,Mỗi ngày là một cơ hội để con bắt đầu lại từ đầu. (Thông điệp ngày 314),Tiếng nói nhỏ nhẹ bên trong luôn chỉ đúng hướng. Hãy áp dụng sự tỉnh thức này vào ngày hôm nay.,Bật La bàn Trực giác để hiển thị đường ngắn nhất tới mục tiêu.
315,Hãy tha thứ và giải phóng cho quá khứ lùi vào quên lãng. (Thông điệp ngày 315),Ngừng dán nhãn đúng sai để tâm trí bình an. Hãy áp dụng sự tỉnh thức này vào ngày hôm nay.,Tắt phán xét giúp vô hiệu hóa các chiêu thức khiêu khích của kẻ địch.
316,Niềm vui đơn sơ đến từ việc trân trọng những gì đang có. (Thông điệp ngày 316),Con là tác giả vẽ nên từng cảnh quay cuộc đời. Hãy áp dụng sự tỉnh thức này vào ngày hôm nay.,Tự do thay đổi màu sắc và thời tiết trong thế giới game.
317,Hãy mở lòng đón nhận những điều bất ngờ dễ thương của cuộc sống. (Thông điệp ngày 317),Một hành động tử tế nhỏ làm ấm cả thế giới. Hãy áp dụng sự tỉnh thức này vào ngày hôm nay.,Tặng quà cho người nghèo làm tăng điểm hào quang uy tín.
318,"Con không một mình, vũ trụ luôn đồng hành cùng con. (Thông điệp ngày 318)",Thân xác đổi thay nhưng linh hồn sống mãi. Hãy áp dụng sự tỉnh thức này vào ngày hôm nay.,Tái sinh ngay tại điểm ngã gục mà không mất hành trang.
319,Hãy sống chậm lại để cảm nhận sự kỳ diệu quanh con. (Thông điệp ngày 319),Chấp nhận những gì đang là để chuyển hóa nó. Hãy áp dụng sự tỉnh thức này vào ngày hôm nay.,Đón nhận thử thách giúp nhân vật hồi phục thể lực tức thì.
320,Sức mạnh của con nằm ở sự lựa chọn cách ứng xử hôm nay. (Thông điệp ngày 320),Nụ cười xua tan mọi mỏi mệt và sương mù. Hãy áp dụng sự tỉnh thức này vào ngày hôm nay.,Bấm biểu cảm 'Cười' để giải trừ trạng thái u ủ cho cả đội.
321,Hãy nhớ rằng con luôn được nâng đỡ trong từng bước đi. (Thông điệp ngày 321),Nhận biết trọn vẹn từng suy nghĩ và hành động. Hãy áp dụng sự tỉnh thức này vào ngày hôm nay.,Kích hoạt trạng thái Quan Sát giúp phát hiện bẫy và bí mật.
322,"Sự bình an thật sự không đến từ bên ngoài, nó bắt đầu từ bên trong. (Thông điệp ngày 322)",Lời nói ra là mệnh lệnh gửi vào vũ trụ. Hãy áp dụng sự tỉnh thức này vào ngày hôm nay.,Lời tuyên bố tích cực gia tăng sức mạnh tấn công và phòng thủ.
323,"Đừng lo lắng về tương lai, hãy làm tốt việc của khoảnh khắc này. (Thông điệp ngày 323)",Biết ơn mở ra cánh cửa của sự đủ đầy. Hãy áp dụng sự tỉnh thức này vào ngày hôm nay.,Bấm nút 'Biết ơn' để nhận lượng tài nguyên ngẫu nhiên mỗi ngày.
324,Con là một biểu hiện tuyệt đẹp và độc bản của sự sống. (Thông điệp ngày 324),Tiếng nói nhỏ nhẹ bên trong luôn chỉ đúng hướng. Hãy áp dụng sự tỉnh thức này vào ngày hôm nay.,Bật La bàn Trực giác để hiển thị đường ngắn nhất tới mục tiêu.
325,Mọi rào cản chỉ là cơ hội để con rèn luyện sức mạnh nội tâm. (Thông điệp ngày 325),Ngừng dán nhãn đúng sai để tâm trí bình an. Hãy áp dụng sự tỉnh thức này vào ngày hôm nay.,Tắt phán xét giúp vô hiệu hóa các chiêu thức khiêu khích của kẻ địch.
326,Hãy đối xử nhẹ nhàng với bản thân khi gặp khó khăn. (Thông điệp ngày 326),Con là tác giả vẽ nên từng cảnh quay cuộc đời. Hãy áp dụng sự tỉnh thức này vào ngày hôm nay.,Tự do thay đổi màu sắc và thời tiết trong thế giới game.
327,Không có lỗi lầm nào không thể chuyển hóa thành bài học. (Thông điệp ngày 327),Một hành động tử tế nhỏ làm ấm cả thế giới. Hãy áp dụng sự tỉnh thức này vào ngày hôm nay.,Tặng quà cho người nghèo làm tăng điểm hào quang uy tín.
328,Hãy để tình yêu dẫn dắt mọi lời nói và việc làm hôm nay. (Thông điệp ngày 328),Thân xác đổi thay nhưng linh hồn sống mãi. Hãy áp dụng sự tỉnh thức này vào ngày hôm nay.,Tái sinh ngay tại điểm ngã gục mà không mất hành trang.
329,"Cuộc đời là một món quà, hãy mở nó ra với sự háo hức. (Thông điệp ngày 329)",Chấp nhận những gì đang là để chuyển hóa nó. Hãy áp dụng sự tỉnh thức này vào ngày hôm nay.,Đón nhận thử thách giúp nhân vật hồi phục thể lực tức thì.
330,"Hãy tin vào hành trình của riêng con, đừng so sánh với ai. (Thông điệp ngày 330)",Nụ cười xua tan mọi mỏi mệt và sương mù. Hãy áp dụng sự tỉnh thức này vào ngày hôm nay.,Bấm biểu cảm 'Cười' để giải trừ trạng thái u ủ cho cả đội.
331,Sự tĩnh lặng giúp con kết nối lại với sức mạnh sâu thẳm. (Thông điệp ngày 331),Nhận biết trọn vẹn từng suy nghĩ và hành động. Hãy áp dụng sự tỉnh thức này vào ngày hôm nay.,Kích hoạt trạng thái Quan Sát giúp phát hiện bẫy và bí mật.
332,Mọi câu trả lời con cần đều đã có sẵn trong tim con. (Thông điệp ngày 332),Lời nói ra là mệnh lệnh gửi vào vũ trụ. Hãy áp dụng sự tỉnh thức này vào ngày hôm nay.,Lời tuyên bố tích cực gia tăng sức mạnh tấn công và phòng thủ.
333,Hãy dũng cảm sống là chính mình mà không cần xin lỗi ai. (Thông điệp ngày 333),Biết ơn mở ra cánh cửa của sự đủ đầy. Hãy áp dụng sự tỉnh thức này vào ngày hôm nay.,Bấm nút 'Biết ơn' để nhận lượng tài nguyên ngẫu nhiên mỗi ngày.
334,Mỗi ngày là một cơ hội để con bắt đầu lại từ đầu. (Thông điệp ngày 334),Tiếng nói nhỏ nhẹ bên trong luôn chỉ đúng hướng. Hãy áp dụng sự tỉnh thức này vào ngày hôm nay.,Bật La bàn Trực giác để hiển thị đường ngắn nhất tới mục tiêu.
335,Hãy tha thứ và giải phóng cho quá khứ lùi vào quên lãng. (Thông điệp ngày 335),Ngừng dán nhãn đúng sai để tâm trí bình an. Hãy áp dụng sự tỉnh thức này vào ngày hôm nay.,Tắt phán xét giúp vô hiệu hóa các chiêu thức khiêu khích của kẻ địch.
336,Niềm vui đơn sơ đến từ việc trân trọng những gì đang có. (Thông điệp ngày 336),Con là tác giả vẽ nên từng cảnh quay cuộc đời. Hãy áp dụng sự tỉnh thức này vào ngày hôm nay.,Tự do thay đổi màu sắc và thời tiết trong thế giới game.
337,Hãy mở lòng đón nhận những điều bất ngờ dễ thương của cuộc sống. (Thông điệp ngày 337),Một hành động tử tế nhỏ làm ấm cả thế giới. Hãy áp dụng sự tỉnh thức này vào ngày hôm nay.,Tặng quà cho người nghèo làm tăng điểm hào quang uy tín.
338,"Con không một mình, vũ trụ luôn đồng hành cùng con. (Thông điệp ngày 338)",Thân xác đổi thay nhưng linh hồn sống mãi. Hãy áp dụng sự tỉnh thức này vào ngày hôm nay.,Tái sinh ngay tại điểm ngã gục mà không mất hành trang.
339,Hãy sống chậm lại để cảm nhận sự kỳ diệu quanh con. (Thông điệp ngày 339),Chấp nhận những gì đang là để chuyển hóa nó. Hãy áp dụng sự tỉnh thức này vào ngày hôm nay.,Đón nhận thử thách giúp nhân vật hồi phục thể lực tức thì.
340,Sức mạnh của con nằm ở sự lựa chọn cách ứng xử hôm nay. (Thông điệp ngày 340),Nụ cười xua tan mọi mỏi mệt và sương mù. Hãy áp dụng sự tỉnh thức này vào ngày hôm nay.,Bấm biểu cảm 'Cười' để giải trừ trạng thái u ủ cho cả đội.
341,Hãy nhớ rằng con luôn được nâng đỡ trong từng bước đi. (Thông điệp ngày 341),Nhận biết trọn vẹn từng suy nghĩ và hành động. Hãy áp dụng sự tỉnh thức này vào ngày hôm nay.,Kích hoạt trạng thái Quan Sát giúp phát hiện bẫy và bí mật.
342,"Sự bình an thật sự không đến từ bên ngoài, nó bắt đầu từ bên trong. (Thông điệp ngày 342)",Lời nói ra là mệnh lệnh gửi vào vũ trụ. Hãy áp dụng sự tỉnh thức này vào ngày hôm nay.,Lời tuyên bố tích cực gia tăng sức mạnh tấn công và phòng thủ.
343,"Đừng lo lắng về tương lai, hãy làm tốt việc của khoảnh khắc này. (Thông điệp ngày 343)",Biết ơn mở ra cánh cửa của sự đủ đầy. Hãy áp dụng sự tỉnh thức này vào ngày hôm nay.,Bấm nút 'Biết ơn' để nhận lượng tài nguyên ngẫu nhiên mỗi ngày.
344,Con là một biểu hiện tuyệt đẹp và độc bản của sự sống. (Thông điệp ngày 344),Tiếng nói nhỏ nhẹ bên trong luôn chỉ đúng hướng. Hãy áp dụng sự tỉnh thức này vào ngày hôm nay.,Bật La bàn Trực giác để hiển thị đường ngắn nhất tới mục tiêu.
345,Mọi rào cản chỉ là cơ hội để con rèn luyện sức mạnh nội tâm. (Thông điệp ngày 345),Ngừng dán nhãn đúng sai để tâm trí bình an. Hãy áp dụng sự tỉnh thức này vào ngày hôm nay.,Tắt phán xét giúp vô hiệu hóa các chiêu thức khiêu khích của kẻ địch.
346,Hãy đối xử nhẹ nhàng với bản thân khi gặp khó khăn. (Thông điệp ngày 346),Con là tác giả vẽ nên từng cảnh quay cuộc đời. Hãy áp dụng sự tỉnh thức này vào ngày hôm nay.,Tự do thay đổi màu sắc và thời tiết trong thế giới game.
347,Không có lỗi lầm nào không thể chuyển hóa thành bài học. (Thông điệp ngày 347),Một hành động tử tế nhỏ làm ấm cả thế giới. Hãy áp dụng sự tỉnh thức này vào ngày hôm nay.,Tặng quà cho người nghèo làm tăng điểm hào quang uy tín.
348,Hãy để tình yêu dẫn dắt mọi lời nói và việc làm hôm nay. (Thông điệp ngày 348),Thân xác đổi thay nhưng linh hồn sống mãi. Hãy áp dụng sự tỉnh thức này vào ngày hôm nay.,Tái sinh ngay tại điểm ngã gục mà không mất hành trang.
349,"Cuộc đời là một món quà, hãy mở nó ra với sự háo hức. (Thông điệp ngày 349)",Chấp nhận những gì đang là để chuyển hóa nó. Hãy áp dụng sự tỉnh thức này vào ngày hôm nay.,Đón nhận thử thách giúp nhân vật hồi phục thể lực tức thì.
350,"Hãy tin vào hành trình của riêng con, đừng so sánh với ai. (Thông điệp ngày 350)",Nụ cười xua tan mọi mỏi mệt và sương mù. Hãy áp dụng sự tỉnh thức này vào ngày hôm nay.,Bấm biểu cảm 'Cười' để giải trừ trạng thái u ủ cho cả đội.
351,Sự tĩnh lặng giúp con kết nối lại với sức mạnh sâu thẳm. (Thông điệp ngày 351),Nhận biết trọn vẹn từng suy nghĩ và hành động. Hãy áp dụng sự tỉnh thức này vào ngày hôm nay.,Kích hoạt trạng thái Quan Sát giúp phát hiện bẫy và bí mật.
352,Mọi câu trả lời con cần đều đã có sẵn trong tim con. (Thông điệp ngày 352),Lời nói ra là mệnh lệnh gửi vào vũ trụ. Hãy áp dụng sự tỉnh thức này vào ngày hôm nay.,Lời tuyên bố tích cực gia tăng sức mạnh tấn công và phòng thủ.
353,Hãy dũng cảm sống là chính mình mà không cần xin lỗi ai. (Thông điệp ngày 353),Biết ơn mở ra cánh cửa của sự đủ đầy. Hãy áp dụng sự tỉnh thức này vào ngày hôm nay.,Bấm nút 'Biết ơn' để nhận lượng tài nguyên ngẫu nhiên mỗi ngày.
354,Mỗi ngày là một cơ hội để con bắt đầu lại từ đầu. (Thông điệp ngày 354),Tiếng nói nhỏ nhẹ bên trong luôn chỉ đúng hướng. Hãy áp dụng sự tỉnh thức này vào ngày hôm nay.,Bật La bàn Trực giác để hiển thị đường ngắn nhất tới mục tiêu.
355,Hãy tha thứ và giải phóng cho quá khứ lùi vào quên lãng. (Thông điệp ngày 355),Ngừng dán nhãn đúng sai để tâm trí bình an. Hãy áp dụng sự tỉnh thức này vào ngày hôm nay.,Tắt phán xét giúp vô hiệu hóa các chiêu thức khiêu khích của kẻ địch.
356,Niềm vui đơn sơ đến từ việc trân trọng những gì đang có. (Thông điệp ngày 356),Con là tác giả vẽ nên từng cảnh quay cuộc đời. Hãy áp dụng sự tỉnh thức này vào ngày hôm nay.,Tự do thay đổi màu sắc và thời tiết trong thế giới game.
357,Hãy mở lòng đón nhận những điều bất ngờ dễ thương của cuộc sống. (Thông điệp ngày 357),Một hành động tử tế nhỏ làm ấm cả thế giới. Hãy áp dụng sự tỉnh thức này vào ngày hôm nay.,Tặng quà cho người nghèo làm tăng điểm hào quang uy tín.
358,"Con không một mình, vũ trụ luôn đồng hành cùng con. (Thông điệp ngày 358)",Thân xác đổi thay nhưng linh hồn sống mãi. Hãy áp dụng sự tỉnh thức này vào ngày hôm nay.,Tái sinh ngay tại điểm ngã gục mà không mất hành trang.
359,Hãy sống chậm lại để cảm nhận sự kỳ diệu quanh con. (Thông điệp ngày 359),Chấp nhận những gì đang là để chuyển hóa nó. Hãy áp dụng sự tỉnh thức này vào ngày hôm nay.,Đón nhận thử thách giúp nhân vật hồi phục thể lực tức thì.
360,Sức mạnh của con nằm ở sự lựa chọn cách ứng xử hôm nay. (Thông điệp ngày 360),Nụ cười xua tan mọi mỏi mệt và sương mù. Hãy áp dụng sự tỉnh thức này vào ngày hôm nay.,Bấm biểu cảm 'Cười' để giải trừ trạng thái u ủ cho cả đội.
361,Hãy nhớ rằng con luôn được nâng đỡ trong từng bước đi. (Thông điệp ngày 361),Nhận biết trọn vẹn từng suy nghĩ và hành động. Hãy áp dụng sự tỉnh thức này vào ngày hôm nay.,Kích hoạt trạng thái Quan Sát giúp phát hiện bẫy và bí mật.
362,"Sự bình an thật sự không đến từ bên ngoài, nó bắt đầu từ bên trong. (Thông điệp ngày 362)",Lời nói ra là mệnh lệnh gửi vào vũ trụ. Hãy áp dụng sự tỉnh thức này vào ngày hôm nay.,Lời tuyên bố tích cực gia tăng sức mạnh tấn công và phòng thủ.
363,"Đừng lo lắng về tương lai, hãy làm tốt việc của khoảnh khắc này. (Thông điệp ngày 363)",Biết ơn mở ra cánh cửa của sự đủ đầy. Hãy áp dụng sự tỉnh thức này vào ngày hôm nay.,Bấm nút 'Biết ơn' để nhận lượng tài nguyên ngẫu nhiên mỗi ngày.
364,Con là một biểu hiện tuyệt đẹp và độc bản của sự sống. (Thông điệp ngày 364),Tiếng nói nhỏ nhẹ bên trong luôn chỉ đúng hướng. Hãy áp dụng sự tỉnh thức này vào ngày hôm nay.,Bật La bàn Trực giác để hiển thị đường ngắn nhất tới mục tiêu.
365,Mọi rào cản chỉ là cơ hội để con rèn luyện sức mạnh nội tâm. (Thông điệp ngày 365),Ngừng dán nhãn đúng sai để tâm trí bình an. Hãy áp dụng sự tỉnh thức này vào ngày hôm nay.,Tắt phán xét giúp vô hiệu hóa các chiêu thức khiêu khích của kẻ địch.
